:020000040800F2
:1000000000000A20A14D0108F14D0108F14D010841
:10001000F14D0108F14D0108F14D0108000000000B
:10002000000000000000000000000000F14D010889
:10003000F14D010800000000F14D0108871701088B
:10004000F14D0108F14D0108F14D0108F14D010894
:10005000F14D0108F14D0108351A01083B1A01085C
:10006000411A0108471A01084D1A0108F14D01080B
:10007000F14D0108F14D0108F14D0108F14D010864
:10008000F14D0108F14D0108F14D0108F14D010854
:10009000F14D0108F14D0108F14D0108531A010815
:1000A0006D060108A505010881060108C9050108BA
:1000B000DD050108F10501080506010805800008B5
:1000C000118000081D80000829800008F14D0108FA
:1000D000F14D0108052401081D24010839240108F7
:1000E0007B1A0108F14D0108F14D0108F14D01089D
:1000F00055060108F14D01086906010800000000DD
:10010000F14D0108F14D010819060108F14D0108F2
:10011000552401086D2401082D0601084106010837
:10012000F14D0108F14D0108F14D0108F14D0108B3
:10013000F14D0108F14D0108F14D0108F14D0108A3
:10014000F14D0108F14D0108F14D0108E1400108B0
:10015000F14D0108F14D010885240108F14D010818
:100160003580000841800008F14D0108F14D01087B
:10017000F14D0108F14D01080000000000000000F1
:10018000F14D0108F14D0108F14D010869800008A9
:100190004D800008F14D0108000000000000000043
:1001A0000000000000000000F14D0108F14D0108C1
:0C01B000F14D0108F14D0108F14D01086E
:1001C00010F8012B11F8013B012A28BF9A42F7D001
:1001D000D01A7047034613F8012B002AFBD1181AD6
:1001E000013870470000000000000000000000001F
:1001F00001F0FF01102A2BDB10F0070F08D010F8D8
:10020000013B013A8B422DD010F0070F42B3F6D1DB
:10021000F0B441EA012141EA014122F007047FF0F4
:1002200000070023F0E80256083C85EA010586EA4B
:10023000010685FA47F5A3FA87F586FA47F6A5FA87
:1002400087F68EB9EED1F0BC01F0FF0102F0070293
:1002500032B110F8013B013A83EA010313B1F8D13E
:100260000020704701387047002D06BF354603381F
:10027000073815F0010F07D1013015F4807F02BF58
:10028000013015F4C03F0130F0BC0138704700BFA9
:1002900081F0004102E000BF83F0004330B54FEA37
:1002A00041044FEA430594EA050F08BF90EA020FA4
:1002B0001FBF54EA000C55EA020C7FEA645C7FEA37
:1002C000655C00F0E2804FEA5454D4EB5555B8BF5A
:1002D0006D420CDD2C4480EA020281EA030382EACB
:1002E000000083EA010180EA020281EA0303362D5D
:1002F00088BF30BD11F0004F4FEA01314FF4801C30
:100300004CEA113102D0404261EB410113F0004F41
:100310004FEA03334CEA133302D0524263EB4303F8
:1003200094EA050F00F0A780A4F10104D5F1200E96
:100330000DDB02FA0EFC22FA05F2801841F10001F1
:1003400003FA0EF2801843FA05F359410EE0A5F1C5
:1003500020050EF1200E012A03FA0EFC28BF4CF0F6
:10036000020C43FA05F3C01851EBE37101F00045AC
:1003700007D54FF0000EDCF1000C7EEB00006EEBB9
:100380000101B1F5801F1BD3B1F5001F0CD3490843
:100390005FEA30004FEA3C0C04F101044FEA44529A
:1003A00012F5800F80F09A80BCF1004F08BF5FEA21
:1003B000500C50F1000041EB045141EA050130BD01
:1003C0005FEA4C0C404141EB0101013C28BFB1F513
:1003D000801FE9D291F0000F04BF01460020B1FA5E
:1003E00081F308BF2033A3F10B03B3F120020CDA31
:1003F0000C3208DD02F1140CC2F10C0201FA0CF00F
:1004000021FA02F10CE002F11402D8BFC2F1200C73
:1004100001FA02F120FA0CFCDCBF41EA0C01904029
:10042000E41AA2BF01EB0451294330BD6FEA040472
:100430001F3C1CDA0C340EDC04F11404C4F120025D
:1004400020FA04F001FA02F340EA030021FA04F36F
:1004500045EA030130BDC4F10C04C4F1200220FAC6
:1004600002F001FA04F340EA0300294630BD21FA04
:1004700004F0294630BD94F0000F83F4801306BFCA
:1004800081F480110134013D4EE77FEA645C18BFBE
:100490007FEA655C29D094EA050F08BF90EA020F55
:1004A00005D054EA000C04BF1946104630BD91EA4D
:1004B000030F1EBF0021002030BD5FEA545C05D150
:1004C0004000494128BF41F0004130BD14F580048F
:1004D0003CBF01F5801130BD01F0004545F0FE4103
:1004E00041F470014FF0000030BD7FEA645C1ABF38
:1004F000194610467FEA655C1CBF0B46024650EA6F
:10050000013406BF52EA033591EA030F41F400219A
:1005100030BD00BF90F0000F04BF0021704730B520
:100520004FF4806404F132044FF000054FF00001F5
:1005300050E700BF90F0000F04BF0021704730B5B6
:100540004FF4806404F1320410F0004548BF40428B
:100550004FF000013EE700BF42004FEAE2014FEAE0
:1005600031014FEA02701FBF12F07F4393F07F4FBB
:1005700081F06051704732F07F4208BF704793F0BE
:100580007F4F04BF41F40021704730B54FF46074D1
:1005900001F0004521F000411CE700BF50EA0102D4
:1005A00008BF704730B54FF000050AE050EA01027D
:1005B00008BF704730B511F0004502D5404261EBED
:1005C00041014FF4806404F132045FEA915C3FF42E
:1005D000D8AE4FF003025FEADC0C18BF03325FEACB
:1005E000DC0C18BF033202EBDC02C2F1200300FA7C
:1005F00003FC20FA02F001FA03FE40EA0E0021FAA1
:1006000002F11444BDE600BF70B54FF0FF0C4CF48E
:10061000E06C1CEA11541DBF1CEA135594EA0C0F40
:1006200095EA0C0F00F0DEF82C4481EA030621EA7B
:100630004C5123EA4C5350EA013518BF52EA0335B6
:1006400041F4801143F4801338D0A0FB02CE4FF068
:100650000005E1FB02E506F00042E0FB03E54FF098
:100660000006E1FB03569CF0000F18BF4EF0010E90
:10067000A4F1FF04B6F5007F64F5407404D25FEA8C
:100680004E0E6D4146EB060642EAC62141EA55513F
:100690004FEAC52040EA5E504FEACE2EB4F1FD0C81
:1006A00088BFBCF5E06F1ED8BEF1004F08BF5FEAFF
:1006B000500E50F1000041EB045170BD06F00046B1
:1006C00046EA010140EA020081EA0301B4EB5C045E
:1006D000C2BFD4EB0C0541EA045170BD41F4801156
:1006E0004FF0000E013C00F3AB8014F1360FDEBF7B
:1006F000002001F0004170BDC4F10004203C35DA57
:100700000C341BDC04F11404C4F1200500FA05F3D9
:1007100020FA04F001FA05F240EA020001F000427A
:1007200021F0004110EBD37021FA04F642EB0601F0
:100730005EEA430E08BF20EAD37070BDC4F10C041A
:10074000C4F1200500FA04F320FA05F001FA04F2DE
:1007500040EA020001F0004110EBD37041F10001CA
:100760005EEA430E08BF20EAD37070BDC4F12005D5
:1007700000FA05F24EEA020E20FA04F301FA05F23D
:1007800043EA020321FA04F001F0004121FA04F2E5
:1007900020EA020000EBD3705EEA430E08BF20EAB5
:1007A000D37070BD94F0000F0FD101F000464000EF
:1007B00041EB010111F4801F08BF013CF7D041EA71
:1007C000060195F0000F18BF704703F00046520075
:1007D00043EB030313F4801F08BF013DF7D043EA46
:1007E0000603704794EA0C0F0CEA135518BF95EAFC
:1007F0000C0F0CD050EA410618BF52EA4306D1D183
:1008000081EA030101F000414FF0000070BD50EAA1
:10081000410606BF1046194652EA430619D094EA2B
:100820000C0F02D150EA013613D195EA0C0F05D115
:1008300052EA03361CBF104619460AD181EA030169
:1008400001F0004141F0FE4141F470014FF0000021
:1008500070BD41F0FE4141F4780170BD70B54FF0BC
:10086000FF0C4CF4E06C1CEA11541DBF1CEA13553C
:1008700094EA0C0F95EA0C0F00F0A7F8A4EB05041E
:1008800081EA030E52EA03354FEA013100F0888015
:100890004FEA03334FF0805545EA131343EA1263DE
:1008A0004FEA022245EA111545EA10654FEA002693
:1008B0000EF000419D4208BF964244F1FD0404F54C
:1008C000407402D25B084FEA3202B61A65EB0305A8
:1008D0005B084FEA32024FF480104FF4002CB6EB65
:1008E000020E75EB030E22BFB61A754640EA0C00E5
:1008F0005B084FEA3202B6EB020E75EB030E22BF25
:10090000B61A754640EA5C005B084FEA3202B6EB65
:10091000020E75EB030E22BFB61A754640EA9C0024
:100920005B084FEA3202B6EB020E75EB030E22BFF4
:10093000B61A754640EADC0055EA060E18D04FEAB2
:10094000051545EA16754FEA06164FEAC30343EA52
:1009500052734FEAC2025FEA1C1CC0D111F4801F1F
:100960000BD141EA00014FF000004FF0004CB6E718
:1009700011F4801F04BF01430020B4F1FD0C88BFB7
:10098000BCF5E06F3FF6AFAEB5EB030C04BFB6EBC2
:10099000020C5FEA500C50F1000041EB045170BDB5
:1009A0000EF0004E4EEA113114EB5C04C2BFD4EBE2
:1009B0000C0541EA045170BD41F480114FF0000E66
:1009C000013C90E645EA060E8DE60CEA135594EAE2
:1009D0000C0F08BF95EA0C0F3FF43BAF94EA0C0FE5
:1009E0000AD150EA01347FF434AF95EA0C0F7FF45A
:1009F00025AF104619462CE795EA0C0F06D152EAAE
:100A000003353FF4FDAE1046194622E750EA410691
:100A100018BF52EA43067FF4C5AE50EA41047FF4A2
:100A20000DAF52EA43057FF4EBAE12E74A0011D254
:100A300012F5001211D20DD56FF47873B3EB625238
:100A40000ED44FEAC12343F0004343EA505323FA44
:100A500002F070474FF00000704750EA013002D1B9
:100A60004FF0FF3070474FF00000704753B94AB95C
:100A7000002908BF00281CBF4FF0FF314FF0FF30A6
:100A800000F00CB8ADF1080C6DE904CE15F0D6F904
:100A9000DDF804E0DDE9022304B07047704700BFD1
:100AA00010B5054C237833B9044B13B10448AFF3A8
:100AB00000800123237010BDA00200200000000070
:100AC0003C61010808B5034B1BB103490348AFF370
:100AD000008008BD00000000A40200203C61010865
:100AE00000224FF44811C0E922214FF4FA71C0E905
:100AF000241200F14001C0F884107D21C0F8982034
:100B0000C0F88000C0F8A420C0F8A810A0F89A206F
:100B100080F89C20A0F89E2080F8A020704710B597
:100B200000210446012014F01FFA0121082014F0CE
:100B30001BFA012384F88B3084F88C3010BD80F8C8
:100B40008B10704780F88D10704780F88C107047BC
:100B5000642928BF642180F88E10704770B5044660
:100B60001546C1B1BAB190F88C30A3B190F88D6040
:100B700016B1002380F88D302A46082013F06EFF4E
:100B8000284614F00FFB0021082013F0E3FF16B1F4
:100B9000012384F88D3070BD38B504460325C82282
:100BA0004FF4FA612046FFF7D9FF642014F0FAFAF7
:100BB000C8224FF4FA612046FFF7D0FF4FF4C87007
:100BC00014F0F0FA013DEAD138BD10B5642240F2CC
:100BD000DC510446FFF7C2FF322014F0E3FA20464E
:100BE0006422BDE810404FF4FA61FFF7B7BF08B5C3
:100BF0000021082013F0AEFFBDE8084000210820C6
:100C000014F020B938B5002504460560A0F8C85C8A
:100C100029464422043014F0DAFC4FF44862294695
:100C200004F1480014F0D3FC204638BD00230370C3
:100C30004FF48073A0F840307047000010B590F872
:100C40004010044681F0010180F840100248FFF78F
:100C500079FF94F8400010BDB869062010B590F8EF
:100C6000413083F00103002B044680F8413008BF77
:100C70003221044818BF6421FFF76AFF94F841004D
:100C800010BD00BFB869062010B5C2B0AA238DF808
:100C900004300123ADF806308388ADF80830102900
:100CA0004FF0000301AC0A466170E380237206D165
:100CB00006490DF10D0014F0B3FC04232372214604
:100CC000034803F0CEF942B010BD00BF9C6101089B
:100CD000786806202DE9F041067804460D4606BBEB
:100CE00000F106080F22404604F1160714F098FCA4
:100CF00029461F22384614F093FC1022314628461C
:100D000014F0EAFB3146A0800F4803F0C5F810212B
:100D10002046FFF7B9FF054638B90B48012103F01B
:100D2000BBF800252846BDE8F0810126267014F0A6
:100D300037FA3946E0634246044802F0CDF90448E8
:100D40003146FFF702FFEDE778680620646A062067
:100D5000B8690620F8B510299DF8185004462ED120
:100D60000778828027B11521BDE8F840FFF78CBFD6
:100D70006A1E0E2A00F1060606D82A4625441946A0
:100D8000304614F0A5FCAF7104F116050C491F2282
:100D9000284614F045FC0223237014F001FA324671
:100DA000E0632946074802F0DDF901210648FFF714
:100DB000CCFE0548FFF7F0FE11212046D4E7F8BD30
:100DC000A1610108646A0620B86906207047F8B579
:100DD000044690F8C80C31280D4617460AD94FF43E
:100DE000446204F1880104F1480014F0D7FB31207B
:100DF00084F8C80C04EB80100F22A11D483014F0B9
:100E00000FFC94F8C80C04EB80101F2204F11601AB
:100E1000583014F005FC94F8C86C04EB861686F87C
:100E2000785014F0BDF9F06794F8C83C04EB8312D5
:100E30000021013382F88470C2F88010022D84F8FA
:100E4000C83C02BF94F8C93C013384F8C93CF8BDE2
:100E500038B50378022B044610D11948FFF7C7FEB6
:100E60001848002103F018F812212046FFF70CFF64
:100E7000054630B91348012103F00EF80025284635
:100E800038BD0423237014F08BF90121A0630C48B2
:100E9000FFF755FE01210A48FFF757FE642014F0C2
:100EA00081F92146052301F8163B00231A4606481E
:100EB00002F09AF9012211462046FFF788FFDEE78B
:100EC000B869062078680620646A062038B50546A9
:100ED0000078022801D810B938BD052835D103247F
:100EE00014212846FFF7D0FE322014F05BF9013CB4
:100EF000F6D11748FFF77BFE15482146FFF71FFE86
:100F000013482146FFF721FE2B78052B07D114F05B
:100F100047F9AB6BC41A4FF47A73B4FBF3F4294668
:100F2000072301F8163B0B48224601F063FF2B789C
:100F3000052B04D1012200212846FFF748FF06486F
:100F4000012102F0A9FF0120C6E70020C4E700BF8D
:100F5000B8690620646A06207868062010B5044641
:100F60000C4802F016FE40B12378052B02D0013B5D
:100F7000012B02D82046FFF7A9FF064802F0F0FD3A
:100F800038B12378022B04D12046BDE81040FFF78A
:100F90005FBF10BDDC6A062038B500250223044679
:100FA000C0E9003529462022083014F010FB102239
:100FB000294604F1280014F00AFB4FF48073A4F8CA
:100FC0004030032384F84230012384F850304FF43A
:100FD0002853A4F85430124BA36542F62B23A4F8EF
:100FE0006030104B636642F65623A4F86C300E4B0B
:100FF00023674FF40043A4F87830A4F848500B4B13
:101000006564C4E90E55E56484F85C5084F8685062
:1010100084F87450E36784F88050204638BD00BFE0
:10102000A9610108AE610108AC690108C661010847
:10103000002343704FF48073A0F8403070470000E5
:1010400013B5037A0446B3B101230093162200F1CD
:1010500008030221094801F035FF202294F82830C6
:101060003BB101230093054804F12803022101F05C
:1010700029FF02B010BD1622F0E700BF646A062007
:1010800073B504461E4801F0CFFF94F848302BB1E9
:101090001C4A1B4801230A2101F042FE2046FFF7AB
:1010A000CFFF94F8483043B10823CDE9003314480A
:1010B000154B14223C2101F026FE0E2500260124AA
:1010C000CDE900560E483C233022022102F088F977
:1010D0000E4B0B48009432220A2101F0F3FECDE9B9
:1010E000005607483C233022422102F079F9084B90
:1010F0000348009432224A2101F0E4FE02B070BDA0
:10110000646A0620B1610108046A0108D06301081D
:10111000E1630108F7B50025064628242F4696F816
:101120004200EAB290424FEA8201C4F12A0388BF2A
:101130000122DBB201F16E018CBF01920197009395
:1011400022460648C9B20323013502F049F9023CA0
:10115000042DE4B2E3D103B0F0BD00BF646A062001
:1011600037B590F8402004460E23002A4CD00125C4
:10117000CDE90035354828233022022102F030F92C
:10118000334B324800953222062102F0A9F894F838
:10119000403043B10823CDE900332C482D4B322297
:1011A000202101F0B0FD94F841200E23002A3CD00C
:1011B0000124CDE900342548282330222E2102F0D5
:1011C0000FF93222244B21480094114602F088F88E
:1011D0000823CDE900331D48204B32224C2101F079
:1011E00092FD0A230022CDE9003218487C233422E4
:1011F000022102F0F5F81A4A14480123322103B003
:10120000BDE8304001F08CBDCDE900320F48282305
:101210003022022102F0E4F8012300930B480C4B2A
:101220003222062101F04EFEB1E7CDE90032074837
:10123000282330222E2102F0D3F8012332220093FA
:101240000248054B114601F03DFEC1E7646A0620E5
:10125000A9610108FC690108AE610108F46901088F
:10126000BF6101082DE9F341DFF8408006463224D2
:101270000025042796F849300B482B4408FB03F35C
:10128000B3F1553F94BF01230023CDE900732146FC
:1012900004232322013502F0A3F80C34032DE4B219
:1012A000E8D102B0BDE8F081646A0620ABAAAAAA20
:1012B00013B50446134801F0B7FE134A1148012341
:1012C0000A2101F02DFD2046FFF7BAFE2046FFF768
:1012D000C9FF0E4A0B480123282101F021FD0E23EE
:1012E0000022CDE9003207486C2330220A2102F0A7
:1012F00077F8074A03480123322102B0BDE81040C5
:1013000001F00EBD646A0620D1610108E3610108A5
:10131000C661010807B508463C21B2FBF1F301FBA9
:10132000132200920A21034A14F0E0F803B05DF89A
:1013300004FB00BF9063010810B504468EB0174847
:1013400001F072FE23781548033BDBB2022B96BFF7
:10135000134A144A52F823200A21012301F0E0FC29
:101360002046FFF76DFEE26B7AB101A92046FFF738
:10137000D1FF0D4A01AB1E2106A814F0B7F80748AB
:10138000012306AA2A2101F0CBFC084A03480123C5
:1013900036210EB0BDE8104001F0C2BC646A0620E0
:1013A000E0690108EF610108FB61010805620108BD
:1013B0007FB5C26B03A9FFF7ADFF0823CDE900336A
:1013C0000848094B2022282101F09DFC02230093AC
:1013D000044803AB2022322101F074FD07B05DF810
:1013E00004FB00BF646A0620EC69010837B50446B7
:1013F0000125134801F018FE04F108031048009578
:101400000A22022101F05EFD04F128030C48009538
:101410001322022101F056FD1C220092802300219C
:10142000074801F060FD2046FFF7C2FF2046FFF7A6
:1014300071FE204603B0BDE83040FFF791BE00BF0B
:10144000646A062010B504460F4801F051FC237869
:10145000052B07D8DFE803F0030B0F131313204607
:10146000FFF726FFBDE81040074801F043BC2046C7
:10147000FFF706FEF6E72046FFF7B8FFF2E7204643
:10148000FFF75AFFEEE700BF646A062010B501239C
:101490004370044613F084FE002384F849306060F2
:1014A0002046BDE81040FFF7CDBF38B5437804466D
:1014B000ABB313F075FEE36CC31AB3F5FA7F0546C0
:1014C00018D994F850302278E06483F0010384F84E
:1014D000503094F84930012A03F1010384F849306F
:1014E00002BF94F8483083F0010384F84830204666
:1014F000FFF7A8FF2378022B11D16368EB1AB3F52D
:101500007A7F0CD9A36B6560EB1A4FF47A72204690
:10151000B3FBF2F3E363BDE83840FFF793BF38BD98
:10152000114B70B500260446B14208BF1946154656
:1015300000F8086B1F2214F073F80C4B0F22B54211
:1015400014BF2946194604F1280014F069F8E6632F
:1015500013F026FEA06313F023FE60642046BDE86E
:101560007040FFF793BF00BFA1610108AC6901089B
:1015700090F8402082F0010280F84020FFF762BF1F
:1015800090F8412082F0010280F84120FFF75ABF15
:1015900008B543785BB10378052B08D8DFE803F082
:1015A0001B03091F1F1F412922D0422922D00020DE
:1015B00008BD30290BD006D8232906D02A29F6D118
:1015C000FFF7D6FFF3E74229F1D10320F0E7FFF759
:1015D000D7FF0120ECE74229F7D02329F4E742297D
:1015E0000AD023294FF0FF3118BF0021C8B2DFE72E
:1015F0000420DDE70520DBE7FF20D9E70022028099
:1016000042808280C280704770B500F58056002409
:101610000546C0E900442146C6F8904341F28832AD
:10162000083013F0D4FF05F59C50214620221430D9
:1016300013F0CDFF05F59D5021461022143013F014
:10164000C6FF05F59E502146C6F8C44386F8C84338
:101650002022093013F0BBFF05F59F50642221467C
:10166000093013F0B4FF86F84D4486F84E44C6F8AE
:101670005044284670BD0023038000F5805080F858
:10168000913380F89233704770470000F0B51F46E1
:1016900000F580538DB093F890338B4205460C468D
:1016A000164635D957B10A230121013ACDE9003157
:1016B00021488023D2B2002101F092FE322303FBA5
:1016C000045393F838303BB1012300931A481B4B65
:1016D0003246022101F0F6FB32235C4304F1080399
:1016E00028342B44164A2544282102A897B1012406
:1016F00013F0FCFE1048009402AB32460C2101F0BE
:10170000EFFD0D4800942B463246302101F0E8FDF4
:101710000DB0F0BD012413F0E9FE02AB32460648DD
:1017200000940C2101F0CEFB034800942B46324676
:10173000302101F0C7FBEBE7646A06203B62010839
:101740009D67010810B50A4686B0044601230F487C
:10175000002101F0E5FA04F58054092200920B48BB
:101760008023002101F0BFFB94F89033084A0A213E
:1017700003A813F0BBFE01230093044803AB00222F
:101780006C2101F09FFB06B010BD00BF646A06200B
:10179000A367010813B501240B4B0C4800943622B3
:1017A000002101F08FFB0A4B0848009436223221B9
:1017B00001F088FB074B0548009436225A2101F0BE
:1017C00081FB02B010BD00BF3D620108646A0620C3
:1017D000486201084F620108F7B5054605F58054D7
:1017E0002849FFF7AFFF94F8903394F89223062B23
:1017F00028BF062384F8933394F89133511D9942FE
:1018000003DA053B84F8923301E09A42FAD80C26B9
:10181000002794F8933394F89003F9B28B421DD8C3
:10182000062815D994F89223362312FB03F20123DC
:10183000B2FBF0F201930C324FF4A273B3FBF0F35E
:10184000DBB2009310480223D2B27D2101F0C8FD23
:10185000284603B0BDE8F040FFF79CBF94F89233F0
:101860001944C9B2884207F10107D9D994F89133D4
:101870005A1A53425341284632460A36FFF706FFAA
:10188000F6B2C6E759620108646A062013B501245E
:101890000B4B0C4800943622002101F013FB0A4B3D
:1018A000084800943622372101F00CFB074B05480D
:1018B00000943622692101F005FB02B010BD00BF83
:1018C00062620108646A06206F6201087A62010898
:1018D00073B500F58053054693F8914393F8903320
:1018E000A34231D932235C4304F108060644314651
:1018F000FFF728FF2B1993F838303BB101230093F1
:101900001248134B0F22022101F0DCFA012300934D
:101910000E4833461922022101F0D4FA022104F1C3
:10192000280300912B440948232201F0CBFA3022EE
:10193000064800928023002101F0D5FA284602B023
:10194000BDE87040FFF7A2BF02B070BD646A062018
:101950008362010813B50124134B144800942A2212
:10196000002101F0AFFA124802F02CF9009403466E
:101970002A220E481E2101F0A5FA0E4B0B480094B6
:101980003622002101F09EFA0B4B084800943622C3
:10199000462101F097FA094B044800943622692148
:1019A00001F090FA02B010BD8C620108646A062052
:1019B000DC6A062092620108A3620108AD62010898
:1019C00073B500F58055354B95F8C713344A002997
:1019D00018BF1A46114601260446FFF7B3FE314BE5
:1019E000314800960E22022101F06CFA0A230021F0
:1019F000CDE900312C4860230C221E2101F0F0FCBF
:101A000004F59C531433284800960D22202101F040
:101A100059FA95F8C6336BB995F8C433224803EBED
:101A20004303B34020331422DBB2009219460D2247
:101A300001F059FA01261D4B1B4800961C22022179
:101A400001F040FA0A230022CDE900321648602353
:101A50001A221E2101F0C4FC04F59D5314331248D0
:101A600000961B22202101F02DFA95F8C633B342CF
:101A70000DD195F8C5330C4803EB4303B340203335
:101A80002222DBB2009219461B2201F02CFA2046DA
:101A900002B0BDE87040FFF75DBF00BFB46201084F
:101AA000C4620108D5620108646A0620DA6201088E
:101AB00073B500F58056044696F8912396F8903356
:101AC0009A4226D21449FFF73DFE96F89123134817
:101AD000322505FB024201230832192101F020F9C9
:101AE00096F891330D4805FB034228320123232148
:101AF000012401F015F90A4B084800942A460A21EE
:101B000001F0E0F9074B054800942A46462101F010
:101B1000D9F902B070BD00BFDF620108646A062017
:101B2000EB620108F56201082DE9F3411B49064605
:101B30000024FFF707FE0A23CDE9003418487C2370
:101B40000C22022101F04CFC0123009306F59E5368
:101B5000134809330D22042101F0B4F906F59F570B
:101B600008371A2506F5805898F84D24E3B29A42B2
:101B700001D9052C02D102B0BDE8F08198F891237B
:101B800017F8011FD21A5342534130462A460A35EC
:101B9000FFF77CFD0134EDB2E6E700BF006301080A
:101BA000646A062010B50446114801F0A1F82378B4
:101BB000052B07D8DFE803F0030B0F0F13172046A0
:101BC000FFF70AFEBDE81040094801F093B820462F
:101BD000FFF77EFEF6E72046FFF7F2FEF2E720462B
:101BE000FFF766FFEEE72046FFF79EFFEAE700BF3C
:101BF000646A062000F58053032210B5154983F866
:101C000090230446083013F05BFD134904F12800CB
:101C100013F056FD01232387104904F13A0013F015
:101C20004FFD0F4904F15A0013F04AFD4FF4807341
:101C3000A4F86A300B4904F16C0013F041FD0A4925
:101C400004F18C0013F03CFD4FF40073A4F89C30B9
:101C500010BD00BF0B6301089C61010811630108FE
:101C6000156301081A630108226301082DE9F04F8A
:101C700000F5805391B093F890738046013F0026A1
:101C80000DF13C0BB74242DD45464FF00009A7EB92
:101C9000060A38E005F1080305F13A042146184622
:101CA0000193FEF78DFA00282ADD019B03AA05F1B6
:101CB000380E186859689446ACE803000833734539
:101CC0006246F6D11B88ACF8003005F108022346C5
:101CD00005F16A0153F8040B42F8040B8B42F9D169
:101CE0001B8813800DF10C0C2346624603CA5A452B
:101CF00018605960944603F10803F6D112881A80DF
:101D000009F101093235D145C4DB0136BAE711B01A
:101D1000BDE8F08F10B5012304464370FFF76AFF5A
:101D20002046FFF7A3FF2046BDE81040FFF73ABF6B
:101D300010B400F5805292F890438C4207D982F893
:101D4000911301225DF8044B0270FFF72BBF5DF881
:101D5000044B7047032310B50446037000F59C50F4
:101D600020220021143013F032FC04F59D50102283
:101D70000021143013F02BFC04F580534FF08072D7
:101D8000C3F8C4232046BDE81040FFF70BBF2DE980
:101D9000F04100F58056054696F890338B422DD9D8
:101DA000022303700023A6F8C633322303FB01F499
:101DB00000F59C5886F8C81308F1140804F10801CE
:101DC00001441F22404605F59D5713F029FC1437A6
:101DD00004F1280129440F22384613F021FC404623
:101DE000FEF7F8F986F8C4033846FEF7F3F986F8EB
:101DF000C5032846BDE8F041FFF7D4BEBDE8F08139
:101E0000F0B500F5805494F890338B4214D9322207
:101E100002FB01000131C9B28B4200F132000CD14A
:101E200094F891135A1ED2B2914284F8902303D3AE
:101E300012B1023B84F89133F0BD00F10802A0F129
:101E40002A0500F1380652F8047B45F8047BB242BB
:101E5000F9D112882A80DDE700F5805393F890339A
:101E60008B4208D9322303FB010090F8383083F00D
:101E7000010380F83830704700F5805292F89133B2
:101E800092F890239A4283BF322202FB030028304B
:101E900000207047F0B5164D0E4607460FCD8BB0AB
:101EA0006C460FC40FCD0FC495E80300A6F13203B2
:101EB000072B84E8030019D8303E0AABF6B203EBD7
:101EC000860607F5805156F8283C91F890031C7857
:101ED0002A3F00233225DAB2904207D9013305FBAD
:101EE00003F6BE5DA642F6D381F891230BB0F0BD98
:101EF0005461010838B543780446002B49D0037873
:101F0000042B46D8DFE813F005006300840084004A
:101F10000D0144293DD837290DD82A2950D032291E
:101F20002CD0A1F13203072B01D9302931D1204621
:101F3000FFF7B0FF2AE0A1F138030C2BF1D801A282
:101F400052F823F0971F0008231F0008231F0008E2
:101F5000231F0008231F0008231F0008231F000859
:101F6000231F0008231F000849210008791F0008CB
:101F7000AD1F0008BB1F0008FF2038BD00F58052D0
:101F800092F891332BB1013B82F891332046FFF751
:101F900009FE0020F1E700F5805292F8901392F8C4
:101FA000913301398B42F4DA0133EDE700F58053C8
:101FB00093F89113FFF7BCFEEBE7FFF7CBFEE8E7E2
:101FC00000F5805393F89113FFF746FFE1E72A29C4
:101FD00017D0A1F14103032BDBD84239022900F2CB
:101FE000B380DFE801F00C02090000F5805393F89C
:101FF0009113FFF7CCFECCE704232370C6E7002340
:10200000FBE700F5805393F89113FFF725FFBDE739
:102010002A2925D0A1F14103DAB2092A4DD8092B8A
:102020004BD801A252F823F03D210008FF1F000801
:1020300075200008BB200008BB200008BB2000085A
:10204000BB200008BB2000085920000851200008D0
:102050003E4801F023FD99E73C4801F036FD98E742
:1020600000F5805292F8C633B3FA83F35B0982F825
:10207000C6338BE700F5805292F8C61361B992F827
:10208000C433002B82D0013BDBB282F8C43303445B
:1020900041F29432995479E701297FF477AF92F8AD
:1020A000C533002B3FF472AF013BDBB282F8C5337E
:1020B0000021034441F2B432ECE7A1F13003092BD3
:1020C0003FF667AF214801F00CFD00283FF461AFF7
:1020D00004F5805191F8C6537DB991F8C4231E2AA6
:1020E0003FF654AF531CDBB281F8C433224441F2B3
:1020F0009431234450545D5448E7012D7FF446AF9A
:1021000091F8C5230E2A3FF641AF531CDBB281F88C
:10211000C533224441F2B4312344505400225A546E
:1021200034E7412904D042297FF433AF012364E727
:1021300000F5805393F89113FFF762FE002323709C
:102140002046FFF757FD21E7012016E7DC6A06204D
:1021500038B500250446C0E900552946102208304C
:1021600013F035FA4FF4807323832946E561F52295
:1021700004F1200013F02BFA84F8155184F816515D
:102180002022294604F2171013F021FA84F837515F
:10219000204638BD2DE9F043064689B000F1200500
:1021A0004FF0000896F815215FFA88F39A4202D999
:1021B000B8F1050F02D109B0BDE8F08396F81621F9
:1021C00003EBC30428349A42E4B205F120094FF02E
:1021D000010735D109232948009322468023002195
:1021E000019701F0FDF8254800972B462246022171
:1021F00001F076F8224A4B46122103A813F076F933
:1022000003A8FDF7E7FF00EB400000FA07F1C1F17A
:102210007E011A48009703AB224601F0FE0101F04F
:102220005FF895F830303BB1012300931348154B0C
:102230002246762100F046FE08F101083135B1E76B
:102240002B4622460D480097022100F03BFE4B46EC
:102250000B4A122103A813F049F903A8FDF7BAFFAE
:1022600000EB40004100C1F17E010448009703AB40
:10227000224601F0FE0100F025FED2E7646A062046
:102280009D6701083B62010810B500F21712012397
:1022900005482A2100F044FDBDE81040034A0248E9
:1022A0000123342100F03CBD646A06202B63010841
:1022B00013B501240A4B0B4800943822002100F08A
:1022C00001FE2346084A0748382100F029FD074B44
:1022D000044800943822442100F0F4FD02B010BDFF
:1022E0003E630108646A06206262010848630108CF
:1022F00070B5047E0E2C05460E461CD80830FDF73E
:1023000069FFC3B29C4209D32B190134E4B21E7297
:102310002C762C4400232372012070BD00F10803A9
:102320006FF007012B44491BCA189442ECDA13F8EA
:10233000012D5A70F8E70020EFE7F8B5047E054656
:1023400084B1013CE4B2264600F108073846FDF7A7
:1023500041FF864207D32C7624B92C7085F81541AD
:1023600085F83741F8BDAB1901365A7A1A72F6B2C0
:10237000ECE710B5102204460021083013F027F9CD
:102380000023237684F8153184F81631237084F8FD
:10239000373110BD38B5002380F8153180F816317B
:1023A000037E044613B312490222083013F026F9C3
:1023B0000546D8B90F4904F1200013F081F90E4900
:1023C00004F1400013F07CF9012384F850300B49EC
:1023D00004F1510013F074F9094904F1710013F08C
:1023E0006FF9022384F8815084F8153138BD00BF9D
:1023F000556301080B630108586301081163010864
:102400006363010838B50021044600F2171580F80F
:1024100037112022284613F0DAF8237E63B10749EA
:1024200004F10800FDF7CCFE30B90549284613F049
:1024300047F9012384F8373138BD00BF58630108DC
:102440000B630108F8B510460D461646FDF7C2FEAF
:102450000024C0B223462027E2B2904205EB0301DC
:1024600002D80022EA54F8BD3CB1D20705D4327834
:102470002B2A1EBF0133DBB20F70315DE9545A1CA9
:102480000134D3B2E8E7000010B5037E88B00446FB
:102490000BB300F1080203A9FFF7D4FF0223009356
:1024A0000F4803AB1622052100F00CFD637E83B1BB
:1024B00003A8FDF78FFE00EB400083000533DBB27D
:1024C0007A2B06D82422009205481822194600F0DB
:1024D0000AFD08B010BD034903A813F0F1F8DDE7C9
:1024E000646A0620AC69010813B50446194800F077
:1024F000FFFB184800F098FD174A164801230A21EF
:1025000000F00EFC1222009280230021114800F0FE
:10251000EAFC2046FFF7B8FF262280230D480092F0
:10252000002100F0E0FC94F837315BB12046FFF762
:10253000ABFE2046FFF7BCFE064802B0BDE81040E7
:1025400000F0D8BB94F81531002BF2D02046FFF7ED
:1025500021FEEEE7646A06206E630108437810B539
:10256000044683B112F01CFEE369C31AB3F5FA7F87
:1025700009D9637EE06183F0010363762046BDE8FC
:102580001040FFF7B1BF10BD427838B504460B4686
:1025900042B323292CD0A1F12A02D1B21D2921D87E
:1025A0001D2A1FD8DFE802F0201E1E1E1E1E0F0F60
:1025B0000F0F0F0F0F0F0F0F1E1E1E1E1E1E1E2CA5
:1025C00048294C5B686E1946FFF792FE50B1012313
:1025D00023702046FFF7DEFE2046FFF713FF20465C
:1025E000FFF782FF002038BD037E23B92B21204650
:1025F000FFF77EFEF3E72A21F9E7FFF79EFEE8E703
:1026000090F81531A3B190F816118B4210D93122F0
:1026100000F1080302FB010140310F22184612F0BD
:10262000FFFFFDF7D7FD2076032323700120DAE7B3
:10263000237E002BD6D0F7E700230370FF20D2E7DC
:1026400090F81531012BCDD990F8162122B1013A1D
:10265000D3B284F81631C2E7013BDBB2F9E790F858
:102660001521012ABED990F81631013A934201DAB8
:102670000133F2E70023ECE7037E002BB2D0013BED
:102680000376ACE7057E0830FDF7A4FDC0B28542B5
:10269000A8D201352576A2E70830704710B5044668
:1026A000FFF767FE2046BDE81040FFF71DBF002280
:1026B0000280FFF7F3BF4FF4807310B50380044628
:1026C00012F06EFD60602046FFF7E8FF2046BDE88F
:1026D0001040FFF709BF38B500250446294640F8E9
:1026E000045B202212F073FF2946402204F12400EB
:1026F00012F06DFF2946202204F1640012F067FFFA
:102700004FF4A053A4F8843084F886502022294640
:1027100004F1870012F05BFF4FF00123A4F8B450DE
:10272000C4E92A55C4F8B030C4F8B850204638BDC2
:1027300073B50025012600242B19990707D1CDE98F
:102740000066164801232A46214600F049FE02345D
:10275000E4B2802CF0D10235EDB2402DEBD1012452
:102760002823CDE900340D486E230C22092100F006
:1027700037FE2A230022CDE90032084870230B22BD
:10278000082100F02DFE26230093044801946C23B9
:102790000D220A2100F024FE02B070BD646A0620FA
:1027A00013B5037904468BB10A230022CDE9003228
:1027B00007486E230C22092100F012FE01230D228E
:1027C00000930348231D114600F08AFD02B010BD9E
:1027D000646A062030B593B004462022002102A886
:1027E00012F0F5FE04F12405202200210AA812F0BF
:1027F000EEFE2846FDF7EEFC19281ED919222946BF
:1028000002A812F00DFF192204F13D010AA80124CB
:1028100012F006FF02AB0B4800941A220D2100F0C3
:1028200051FB9DF8283033B1064800940AAB2422AE
:102830000D2100F047FB13B030BD1F22294602A82E
:10284000E5E700BF646A062090F8B13037B5FBB108
:1028500090F8B2300124002B34D090F8B350CDB1B1
:1028600008230022CDE9003228231A461C480D21F6
:1028700000F0B6FD1B4B1A4800942922112100F0EC
:102880002FFD194B164800942922452100F01AFB10
:1028900003B030BD134B124800942922112100F0DF
:1028A00011FB082300932822302341210C48019575
:1028B00000F096FD0C4B009429224521084800F0B9
:1028C0000FFDE5E70823009328231A462C2104482E
:1028D000019400F085FD034B009429223321EDE79C
:1028E000646A06206A650108A56201081FB590F8B0
:1028F0008730044643B101230093222200F187036D
:102900000D21154800F0DEFA06230020CDE9003045
:102910002A22662310480D2100F062FD94F88630CB
:1029200043B104220121CDE900210B482B220E21C5
:1029300000F056FD94F88630084A052102A812F0EE
:10294000D5FD01230093044802AB2A22752100F033
:10295000B9FA04B010BD00BF646A0620AD63010877
:1029600013B50A230022CDE900320446662311483C
:1029700028220D2100F034FD012300930F2104F1E2
:1029800064030C48292200F09DFA94F8B530D90769
:102990000DD494F88430074803EB43035B000F33F6
:1029A0003022DBB200921946292200F09CFA02B0D4
:1029B00010BD00BF646A0620837810B50446C3B119
:1029C000FFF7B6FE2046FFF7EBFE2046FFF702FFBB
:1029D0002378022B09D0032B02D12046FFF786FF74
:1029E0002046BDE81040FFF72FBF2046FFF7B8FF95
:1029F000F6E710BD837810B504468BB112F0D0FB1A
:102A000094F8B0306BB1D4F8A830D4F8AC20C31A25
:102A1000934206D90023032284F8B43062706380A5
:102A200010BD94F8B4309BB1D4F8B830C31AC82B99
:102A30000ED994F8B530C4F8B800013384F8B53035
:102A40000123E3702046FFF7B7FF0023E370E7E7B9
:102A5000E378002BE4D0F5E78078704790F8843075
:102A600090F885209A420AD95A1CD2B2034480F8C1
:102A70008420104483F86410002380F86430704789
:102A800090F884303BB1013BDBB280F884301844CD
:102A9000002380F86430704710B5202204460021DE
:102AA000643012F094FD002384F8843010BD0000DF
:102AB000837810B50446D3B10378062B17D8DFE826
:102AC00003F023042E1616232300412911D00CD81D
:102AD00001F0FD0134290AD190F8B33083F00103ED
:102AE00080F8B3300123E37001E042292DD00020AB
:102AF00010BD90F8B300C0F102000023C0B26070B6
:102B000084F8B4306380F3E741390129EFD800231A
:102B1000012284F8B430627063800120E8E7422922
:102B200011D0432919D04129F1D0A1F13003092B4B
:102B3000DDD80B4800F0D5FF01460028D7D020464D
:102B4000FFF78CFFCEE7FFF7A7FF0023022284F8F0
:102B5000B430627063800220CAE7FFF791FFC1E7DB
:102B6000DC6A06201FB50B4B0B4ACDE901324FF052
:102B7000FF3300934022094B8021044605F0CEFF2D
:102B80000749084B2046C4E91B130023636704B0C0
:102B900010BD00BF801A0600A08601002C6C062024
:102BA0000001FFAB55000C222DE9F041044686B030
:102BB00006F0E9F82046022105F031FE0DF1160875
:102BC00005AF0DF1120604AD00231A462046224936
:102BD000CDF80C8002970196009505F0F1FEBDF846
:102BE00014301D49C3F1800303EBD3735B102382C0
:102BF00005236382204611F0B3FE00231A462046C7
:102C0000CDE90278CDE90056144905F0D9FEBDF8AA
:102C100014301249C3F1800303EBD3735B1023829A
:102C200019236382204611F09BFE2046012105F006
:102C3000F6FD0B4B0B492361204611F091FE204617
:102C400006F03CFC40F2DC5012F0ACFA204606F0F4
:102C50009AF806B0BDE8F081776301087D6301084A
:102C6000270032008263010837B51A4A1623C2F8DA
:102C7000883004461723104600210125C2F884300D
:102C800004F0C2FD00952B463C220221204606F0AE
:102C900089F850B929460B2012F066F90B2012F082
:102CA00041FAC82012F07EFAF8E7204606F06BF8E9
:102CB0002946204605F0B3FD4FF001136361002360
:102CC0002046E37606F0FAFB204603B0BDE830402C
:102CD000FFF76ABF2C6C0620012380F86D30AF210E
:102CE00006F025B8002280F86D20AE2106F01FB84E
:102CF00006F049B810B5044606F0E0FB2046BDE8F2
:102D0000104006F040B81FB5012402949DF81C4005
:102D100001949DF81840009405F04EFB04B010BDDE
:102D200070B50E4686B019460446154605F077FD87
:102D30000DF11603039305AB02930DF112030193FA
:102D400004AB009300231A462946204605F038FEBE
:102D5000BDF814306682C3F1800303EBD3735B10BC
:102D600023822946204611F0FBFD06B070BD00000D
:102D700011F1450F0CDA11F1540F0BDA11F1630F59
:102D80000ADA064B064811F1720FB8BF18467047B1
:102D9000044870470448704704487047846A010833
:102DA0007C6A0108646A01086C6A0108746A010897
:102DB0005AB94B290BD832290BD819290BD8074BF4
:102DC0000748052998BF18467047064870470648C7
:102DD0007047064870470648704700BF3C6A0108C4
:102DE000446A0108346A01085C6A0108546A0108EF
:102DF0004C6A010870B5042388B0044680F86C3032
:102E00000E46154605F0BFFF144A012320460A214D
:102E1000FFF786FF2046012105F001FD32462046DE
:102E200001231921FFF77CFF3C22B5FBF2F302FBE3
:102E3000135500950A4A142103A812F057FB0123E9
:102E400003AA28212046FFF76BFF204606F036FB39
:102E50004FF4FA6012F0A6F908B070BD13620108D1
:102E60008963010830B58BB004460D4605F08BFF31
:102E70000823CDE9003320460F4B0A223C21FFF7FF
:102E800042FF2B460D4A1E2102A812F02FFB02AA78
:102E9000204601231E21FFF743FF094A01232D216C
:102EA0002046FFF73DFF204606F008FB40F6B8300D
:102EB00012F078F90BB030BD3C6A01089C63010840
:102EC000B2630108F8B504460F4616469DF818107F
:102ED0001D4605F0A4FC2782668229462046BDE8EF
:102EE000F84011F03DBD13B5012401949DF8104048
:102EF000009405F0F9F902B010BD0000F0B5082605
:102F000085B0002704460D4680F86F1018233A4616
:102F10003946CDE9006705F075F929462046FFF7E7
:102F200027FF3A46034639462046CDE90066FFF7BB
:102F3000EAFE2046012105F072FC0A224FF001133F
:102F4000C4E904233146064A2B460DEB060012F075
:102F5000CDFA0DEB0601204611F002FD05B0F0BDE3
:102F6000A36701082DE9FF414FF008080027044638
:102F70000D4680F8701080F8712016461E233A46E0
:102F8000CDE90087462105F03DF932462946204625
:102F9000FFF70EFF3A460346CDE90088204646215A
:102FA000FFF7B1FE2046012105F039FC50224FF019
:102FB0000113C4E904230521064A2B460DEB080042
:102FC00012F094FA0DEB0801204611F0C9FC04B090
:102FD000BDE8F081AD6301087FB580F87320164627
:102FE00008230022044680F872100D46CDE9003215
:102FF00064211C2305F006F92046012105F00FFC91
:1030000064224FF00113C4E904230621054A009607
:103010002B4602A812F06AFA02A9204611F0A0FC81
:1030200004B070BDC063010837B50123044608250C
:103030002A46CDE900530021802305F055F994F983
:103040006F102046FFF75AFF94F8712094F8701023
:103050002046FFF787FF94F8732094F872102046FB
:10306000FFF7BAFF94F874303BB1CDE90055164B29
:10307000002212212046FFF746FE94F8753043B136
:103080000823CDE900330022104B1C212046FFF716
:103090003AFE94F8763043B10823CDE9003300229C
:1030A0000B4B26212046FFF72EFE94F8773043B1D4
:1030B0000823CDE900330022064B30212046FFF7DC
:1030C00022FE03B030BD00BF246A01082C6A01084B
:1030D000146A01081C6A0108F8B50227044680F842
:1030E0006C700E46154605F04EFE2046FFF79CFF1D
:1030F000174A012320460F21FFF712FE39462046CA
:1031000005F08DFB3B46324620461C21FFF708FEAA
:103110002046012105F083FB2A46012320462A216F
:10312000FFF7FEFD2046012105F079FB094B2361E5
:103130000949204611F014FC084B23612046084938
:1031400011F00EFC2046BDE8F84006F0B7B900BF0C
:10315000D16101080A003200E36101086E00380005
:10316000C6610108032370B5044680F86C300E4632
:10317000154605F008FE2046FFF756FF154A0123C5
:1031800020460A21FFF7CCFD2046022105F047FB2F
:103190003246022320461921FFF7C2FD20460121B5
:1031A00005F03DFB2A46204601232821FFF7B8FD04
:1031B000094B23610949204611F0D2FB084B2361DA
:1031C0002046084911F0CCFB2046BDE8704006F0CF
:1031D00075B900BFB161010805003400CA63010878
:1031E00050003400DA6301082DE9F0414FF0020885
:1031F00086B0044680F86C8015460E461F4605F0E2
:10320000C2FD2046FFF710FF0121204605F007FB15
:10321000204A01230C212046FFF782FD414620462B
:1032200005F0FDFA3246434616212046FFF778FDA9
:103230003C260121204605F0F2FAB5FBF6F306FB29
:103240001355154A00950A2103A812F04FF90123DE
:1032500003AA26212046FFF763FD77B10823CDE9B5
:10326000003331460D4B20462D22FFF74CFD0C4B11
:103270000C492361204611F073FB0B4B0B49236172
:10328000204611F06DFB204606F018F906B0BDE8A7
:10329000F08100BFE9630108906301080C6A01082E
:1032A00046002D00A961010805003700BF61010833
:1032B00007B508230A4680F8751049B1CDE90033F7
:1032C0000022064B1C21FFF71EFD03B05DF804FB36
:1032D000CDE900311C2104F095FFF6E72C6A0108C6
:1032E000F0B587B00E469DF8301004461F461546CF
:1032F00005F095FA0DF11603039305AB02930DF15A
:10330000120336B22DB2019304AB009332462B4622
:103310003946204605F054FB01230193BDF91630D0
:1033200000932A46BDF914303146204604F06AFF66
:1033300000236361268265823946204611F010FB26
:103340004FF00113636107B0F0BD00002DE9F743B2
:103350000446884617460A250A260FFA85F931B22F
:10336000023601234A462046B6B205F075FB762E9A
:10337000F5D10235ADB2362DEED12C260A2200232E
:10338000CDE90063114620466C2304F03BFF012584
:103390000A2211466C232046CDE9006504F063FF44
:1033A0002946204605F03BFA2B46424620460E2190
:1033B000FFF7B6FC2B463A4620461E21FFF7B0FC2D
:1033C000054B06492361204611F0CAFA204603B096
:1033D000BDE8F04306F072B8320030006A650108BB
:1033E00070B49DF810609DF80C400125CDE90345AF
:1033F00016B170BC04F006BF70BC04F034BF00000E
:10340000002310B5C0E900330A4B836004460A4923
:103410000C3012F055F946F288424FF0A053C4E93F
:103420000423064BA36145F62643A3832623A377F3
:10343000204610BD0000010147690108262C2644E2
:1034400000230380704700001FB5437A0093037A7E
:10345000064A062102A812F049F80548032302AAE9
:103460000C21FFF75DFC05B05DF804FBC0630108AB
:10347000646A0620437A0133DBB23B2B01D84372E6
:103480007047037A0133DBB2172B8CBF837A037248
:103490004FF0000288BF0133427284BF0272837210
:1034A0007047000073B500EB41001E46C57D047EE9
:1034B0000F4810232946CDE9003313462246FFF773
:1034C00022FC3046FCF786FE04F1120200EB4004B9
:1034D0006400E4B2C4F1100405EB6401012300931D
:1034E00003483346D2B2C9B2FFF7ECFC02B070BD5C
:1034F000646A062007B5037800EB43001E23027EB2
:10350000C17D023A00200239CDE90030D2B2044830
:103510001423C9B2FFF764FF03B05DF804FB00BFDA
:10352000646A0620F0B5104C074694E80F0089B095
:1035300010348DE80F0094E80F0004AE86E80F0009
:103540006D460024E1B256F8043B55F8042B38468A
:103550000134FFF7A7FF042CF4D1384609B0BDE8C9
:10356000F040FFF7C7BF00BF7C610108F0B51E4601
:1035700085B001270823CDE900370C480C461546D5
:10358000FFF72EFF092E3346094A28BF09230321DE
:1035900003A811F0ABFFE1190448009703AB2A46DA
:1035A000C9B2FFF79DFE05B0F0BD00BF646A0620FA
:1035B000A367010810B5C37C04463BB1827E417EFF
:1035C000023A0C31D2B2C9B2FFF7D0FF237D53B11A
:1035D000227EE17D023A0C312046D2B2BDE8104095
:1035E000C9B2FFF7C3BF10BD0139CBB20B2B9ABFD5
:1035F000024B53F821000248704700BF8C6A010853
:10360000FA63010800B589B0C17A0246FFF7ECFF02
:103610000190937A0093142102F10C0303A8064A47
:1036200011F064FF0548012303AA1E21FFF778FB70
:1036300009B05DF804FB00BFFE630108646A062060
:1036400013B504461548FFF753FB94F910101348BF
:10365000FFF754FCA27C617C1048FFF783FC627A80
:10366000217A0E48FFF7B8FC2046FFF7EDFE204612
:10367000FFF7C8FF24220092802300210748FFF7AC
:1036800032FC2046FFF74EFF2046FFF793FF03482A
:1036900002B0BDE81040FFF72DBB00BF646A0620F2
:1036A00010B501234370044611F07AFD6060204696
:1036B000BDE81040FFF7C4BF38B5437804466BB18E
:1036C00011F06EFD6368C31AB3F5FA7F054605D99C
:1036D0002046FFF7CFFEFFF7B3FF656038BD0278E5
:1036E0001AB1013A0270FFF7ABBF70470278022AA5
:1036F00003D801320270FFF7A3BF704708B54378C3
:10370000C3B123391F2915D8DFE801F01F141414A1
:103710001414141D14141414141010121012191669
:10372000101610141414141414141921642008BD54
:10373000FFF7D5FF0020FAE7FFF7D8FFFAE7007898
:103740000130C0B2F3E7C920F1E7CA20EFE7C82093
:10375000EDE7000070B5A1220446002111F037FF0B
:10376000A02300250126A4F8A2304FF04863C4F836
:10377000A430104984F8A15084F8A860C4F8AC5073
:10378000A4F8B060C4F8B45084F8B850C4F8B95084
:1037900004F1B90011F094FF40F20113A4F8BE3017
:1037A0001423A4F8C05084F8C23084F8BD602046C9
:1037B00070BD00BF6864010810B5A1220446002155
:1037C00011F005FF002384F8A13084F8A33084F8B9
:1037D000C13084F8B8300123A4F8B03010BD10B562
:1037E0000446FFF7E9FF002384F8A33084F8C130D2
:1037F000012384F8B03010BD2DE9F0411D4614239B
:103800005943DDE906870646741872501046C4E92C
:103810000158E760FCF7DEFC20742846FCF7DAFC70
:1038200060744046FCF7D6FCA0743846FCF7D2FC26
:10383000E074BDE8F081000013B5344B0021C0E90D
:1038400032110193324B0093324B1A460446FFF774
:10385000D3FF314B0193314B0093314B20461A4635
:103860000121FFF7C9FF2F4B01932F4B00932046F7
:103870002E4B2F4A0221FFF7BFFF2E4B01932E4BF9
:10388000009320462D4B2E4A0321FFF7B5FF2D4B09
:1038900001932D4B009320462C4B2D4A0421FFF71A
:1038A000ABFF2C4B01932C4B009320462B4B2C4A07
:1038B0000521FFF7A1FF2B4B01932B4B00932046D3
:1038C0002A4B2B4A0621FFF797FF2A4B01932A4BDD
:1038D00000932046294B2A4A0721FFF78DFF294BE9
:1038E0000193294B00932046284B294A0821FFF7D2
:1038F00083FF284B0193284B00932046274B284AEF
:103900000921FFF779FF204602B010BD706401085D
:10391000876301086C6401087A64010888660108FD
:103920007564010883640108926601087F640108D8
:10393000686401088A64010825630108CB690108ED
:10394000DC69010899640108616301089164010858
:1039500095640108A8640108AF640108A064010827
:10396000A4640108B964010856630108B164010840
:10397000B5640108CA640108D1640108C064010883
:10398000C5640108DB6401086C630108D3640108A5
:10399000D7640108EC640108F3640108E2640108DB
:1039A000E764010808B50221182011F0DDFABDE82E
:1039B00008400221192011F0D7BA000010B50A48BA
:1039C00005F0ACFF044668B1074805F0DAFE0128AF
:1039D00003D10A2011F0E6FBF6E7034805F0D1FE1B
:1039E0000228F6D0204610BDBC020020A1F1300311
:1039F000DBB2092B30B50446084614D894F8CE1033
:103A0000012903D0B1B994F8CF1069B1142101FB99
:103A1000034359685B7C31B12BB1B2FBF3F003FB7C
:103A20001022D2B2885C30BD14214B43E518E15816
:103A30002B7CF0E7022905D1142101FB034399688F
:103A40009B7CE8E70329EED1142101FB0344E168E4
:103A5000E37CE0E710B590F8CC10044649B190F84B
:103A6000CD20FFF7C3FF00230146C4F8C830A4F8F7
:103A7000CC30084610BD10B590F8CC30044663B188
:103A800011F08EFBD4F8C830C01AB0F5487F04D3CB
:103A90002046BDE81040FFF7DDBF10BD90F8CE30E6
:103AA000012B0ED0022B0ED0B3FA83F35B0980F802
:103AB000CE30002380F8CF30C0F8C830A0F8CC302A
:103AC00070470223F3E70323F1E790F8CF3083F048
:103AD000010380F8CF300023C0F8C830A0F8CC3004
:103AE000704738B50D46044611F05AFB4A2D05D1F2
:103AF0002046FFF7D3FF0025284638BD492D09D1C0
:103B00002046FFF7E2FF94F8CF30002B14BF5E256C
:103B10007625F1E7A5F13002092A94F8CC3019D8BE
:103B2000AB4215D1D4F8C830C31AB3F5487F0FD2D1
:103B300094F8CD200132D2B284F8CD2084F8CC5054
:103B4000C4F8C80029462046BDE83840FFF74EBFFC
:103B50000022F1E7002BCFD02046FFF77BFFCBE719
:103B600008B5182011F0A2FA08B1002008BD1420F1
:103B700011F018FB182011F099FA0028F5D118203F
:103B800011F094FA08B10120F0E70A2011F00AFBC5
:103B9000F5E708B5192011F089FA08B1002008BD31
:103BA000142011F0FFFA192011F080FA0028F5D145
:103BB000192011F07BFA08B10120F0E70A2011F07A
:103BC000F1FAF5E790F8CE30032B9ABF024A52F88B
:103BD00023000248704700BF3C6B0108FA630108EC
:103BE00007B506230422CDE900320449044B054AF7
:103BF000054805F025FD03B05DF804FB4C6B01089A
:103C0000646B0108686B0108BC02002038B50546EA
:103C10000C460420002111F011FA45F08001002229
:103C2000064803F0E6F921460448002203F0E1F9D2
:103C3000BDE838400121042011F000BAAC6B062029
:103C400010B50D4B43600D4A0D4B836004460021B7
:103C50000823C0E90323C0E9441101604FF46173F4
:103C60006420C4E94D03C4F83C111C2204F58C7097
:103C700011F0ADFC204610BD0000594407051100AD
:103C800000007A4308B50121042011F06DF90121EB
:103C9000042011F0D3F90121022011F065F901216E
:103CA000022011F0CBF90021BDE80840084611F0D0
:103CB0005BB908B50021022011F0C0F90A2011F00B
:103CC00071FA0220012111F0B9F9BDE808400A207B
:103CD00011F068BA10B504200C46002111F0AEF9BD
:103CE00004F07F010022074803F083F90022114607
:103CF000044803F07EF901210446042011F09EF9E6
:103D0000204610BDAC6B062070B504200E46002185
:103D100014461D4611F092F90B48002206F07F016F
:103D200003F067F92544AC4205D1BDE8704001219C
:103D3000042011F083B900220348114603F059F919
:103D400004F8010BEFE700BFAC6B062070B5042050
:103D50000E46002114461D4611F070F90A48002253
:103D600046F0800103F045F92544AC4205D1BDE899
:103D700070400121042011F061B914F8011B0248C0
:103D8000002203F036F9F0E7AC6B062038B50529C0
:103D900098BF064B05460C464FF0010094BF595C96
:103DA0008121FFF733FF2C7038BD00BF6E6B010817
:103DB00010EE103A10B580ED010A184612F01EF808
:103DC000C404C0F387010620FFF720FF610B01F058
:103DD000C0010720FFF71AFFBDE8104000210820AE
:103DE000FFF714BFD0ED027A9FED1E7AF4EEC77A8A
:103DF000F1EE10FA10B5044627D99FED1B7AF4EEC8
:103E0000C77AF1EE10FA94BF80219021637B072BD3
:103E10001DD0082B1ED0062B1FD141F004011D2000
:103E2000FFF7F4FEA17C237B890041EA031101F036
:103E3000FC011E20FFF7EAFE237B092B10D9BDE809
:103E4000104008211F20FFF7E1BE0021DEE741F00E
:103E50000601E4E741F00801E1E741F00201DEE795
:103E600010BD00BF0000FA4200007A43022908B5E5
:103E70008173B8BF02211429A8BF1421023961F04F
:103E80007F01C9B20920FFF7C1FEBDE808403F210C
:103E90000B20FFF7BBBE000038B5044641700D464D
:103EA0000021FFF773FF1C4B63604DBB1B4BA360EE
:103EB00040F20753A3811123A37308232382A5741F
:103EC00004212620FFF7A2FE94ED010A2046FFF709
:103ED0006FFF2046FFF786FF94F90E102046FFF78C
:103EE000C5FF218A2020090AFFF790FE217C2120AE
:103EF000FFF78CFE20460121BDE83840FFF746BFA2
:103F0000074BA36040F60903A3811123A3730C217F
:103F100001232182A374D4E70000594400007A43AE
:103F20000000FA4273B50446FFF7ACFE1C4A0723B3
:103F3000D3660623936610460523002113670125E7
:103F400003F01EF80026174B0093ADF8045002ABA7
:103F50008DF8066013E90600114803F027F82046A3
:103F6000FFF7A7FE42212046FFF7B4FE12280CD02F
:103F70000B2011F09BF8B0FA80F149090B2011F0E9
:103F80005DF8642011F00EF9F2E731462046FFF7A4
:103F900083FF2946204602B0BDE87040FFF7F6BE19
:103FA000AC6B062080969800531EFF2B2DE9F04144
:103FB00004460F46164631D8C5787DBB01215FFA0D
:103FC00086F8FFF7E3FE41462220FFF71FFE294651
:103FD0000E20FFF71BFE29460D20FFF717FE434674
:103FE0003A4629462046FFF7B1FEFF211220FFF78F
:103FF0000DFE02212046FFF7C9FE0123E37011F0F8
:10400000CFF800F59C55083511F0CAF8A84207D33F
:104010000023E37001212046FFF7B8FE00201AE0DC
:1040200012212046FFF756FE030716D5D4F81831A3
:104030000133C4F81831D4F82C313344C4F82C318E
:104040000023E37008211220FFF7E0FD2046012144
:10405000FFF79CFE0120BDE8F081012011F0A2F8DD
:10406000D2E770B50546C0B021B30B88ADF800307B
:104070004B880A7A5BBAD61DADF802308B88B6F54C
:10408000807F88BFF9225BBA84BF0A724FF48076C2
:104090006C46ADF804308DF8062022B109310DF1DF
:1040A000070011F015FB324621462846FFF77CFF3A
:1040B00040B070BD0846FBE710B5FF210446122052
:1040C000FFF7A4FD00210F20FFF7A0FD00210D2028
:1040D000FFF79CFD20460321BDE81040FFF756BEC8
:1040E0008078704738B512210446FFF7F3FD41068A
:1040F00005460ED5820616D5D4F824310133C4F80E
:10410000243120211220FFF781FD40211220FFF7EA
:104110007DFD2B070AD50023E3700821BDE8384058
:104120001220FFF773BD0123A370EEE738BD000036
:1041300010B51A210446FFF7CDFD94ED017ADFEDAD
:10414000067AB4EEE77AF1EE10FACCBF9D38A438C7
:1041500080B200B210BD00BF0000484408B519216C
:10416000FFF7B8FD40B20028B8BF0330801008BD8B
:104170002DE9F04190F80280C0B004460D46B8F138
:10418000000F0DD061B11321FFF7A4FD06280746EB
:104190000CD80023A370D4F824310133C4F824319F
:1041A0004FF00008404640B0BDE8F08110212046A5
:1041B000FFF790FD01460D20FFF728FD3B466A46BC
:1041C00000212046FFF7A0FDBDF800302B80BDF890
:1041D00002309DF800105BBA6B80BDF804305ABA0B
:1041E000AA80AA299DF806202A72D2D1B3F5807F31
:1041F00006D04FF6FF718B4202D00023A370CFE7A9
:10420000531EDBB2F92B05D80DF1070105F10900AA
:1042100011F05EFA2046FFF78BFFA4F82801204634
:10422000FFF79CFFD4F81C3184F82A010133C4F84D
:104230001C31D4F83031B4F814213B44C4F8303187
:10424000EB88934284BFD4F820119A1A03F101033A
:1042500088BF8918A4F814314FF0000388BFC4F850
:104260002011A37040211220FFF7D0FC9AE7000034
:1042700010B50B4B4FF0A0620446C0E97823002133
:10428000202200F5F47011F0A2F9064BC4F80832B0
:104290004FF4F0720021204611F099F9204610BD2C
:1042A000000A802C0101000110B54FF4F0720446A1
:1042B000002111F08CF90023A4F8E03184F8E231F8
:1042C000012384F80B3210BD10B50446FFF7ECFF54
:1042D000002384F8E13184F8E231012384F80B32C1
:1042E00010BD00000146002201F8042B42604A6024
:1042F0008A60642181710749026147F2305CC0E93C
:1043000006C105490162C0E90922C0E90B22027514
:1043100042637047E093040080EE360008B5002049
:1043200010F07AFD40F6E443584340F2FF33B0FB0F
:10433000F3F080B2400080B208BD41F267039942B9
:104340000DD840F6B83399420BD9642303FB01F032
:104350004FF49663B0FBF3F0FA38C0B270476420B4
:10436000704700207047142906D80A2906D8052965
:104370008CBF022003207047002070470120704747
:1043800010B50446FFF7CAFF0146A0802046FFF79C
:10439000D4FF0146A0712046FFF7E5FFE07110F061
:1043A000FFFEE0600848A2880188028041F2040311
:1043B0009A4201F1320194BF002301238A42C8BF0F
:1043C00043F00103237210BD94030020037823B946
:1043D000012303700148FEF785BC7047646A06201C
:1043E00008B50021082010F0BFFD00210B2010F0BF
:1043F000BBFD0021082010F0ADFBBDE80840002106
:104400002F2010F0A7BB00000378033B012B10B551
:10441000044609D9022303700448FEF763FC2046D2
:10442000BDE81040FFF7DCBF10BD00BF646A062086
:104430000378042B10B504460DD0032303700648FF
:10444000FEF750FC2046FFF7CBFFBDE810404FF4CD
:104450007A7010F0A7BE10BD646A062010B50F4A2E
:104460000F4904460F48FEF771FF4FF47A7010F0C1
:1044700099FE0C48FEF736FC2046FFF7B1FF0423F7
:104480002370002420460021013410F06DFD302CF3
:10449000F8D14FF47A7010F085FEFAE7FD64010858
:1044A0000E650108646A062008B50121082010F095
:1044B0005BFDBDE8084001210B2010F055BD000058
:1044C0000378023B012B10B5044601D8FFF7ECFF3F
:1044D0000023237010F064FE2061BDE81040014805
:1044E000FEF7FABB646A062010B5044610F058FEC9
:1044F00023782061013B022B04D82046BDE8104000
:10450000FFF7DEBF10BD80797047007A7047C3792E
:10451000032B06D18379022B03D8007A80F00100A7
:10452000704700207047000008B5064A0649044657
:104530000648FEF70BFF4FF4FA6010F033FE2046FA
:10454000FFF78CFF196501082B650108646A0620D6
:1045500010B504210446002010F006FD2046FFF7A8
:104560000FFF10F01DFE206110F01AFE6063204660
:10457000FFF7CDFF10B12046FFF7D6FF10BD0000BA
:10458000F8B5044610F00CFE4FF47A72B0FBF2F36B
:104590006362636B2669C31AB3FBF2F32278022AC3
:1045A0000546A0EB060618D013D9032A19D0254FCB
:1045B00065633B6847F23052EB1A934215D92046A7
:1045C000FFF7DEFEE3793D60032B0ED12046FFF7B7
:1045D000ABFFA26A1A44A262E9E7E26A1A44E26205
:1045E000E5E7226B1A442263E1E72378012B1AD016
:1045F000022B1FD02BB9A369B34202D22046FFF78A
:10460000E5FEE379012B0DD1A1790F290AD80E4CD3
:1046100023684EF66022EB1A934203D90B48FEF74B
:1046200021FC2560F8BDE369B342EAD22046FFF7DA
:10463000EBFEE6E7236AB342E3D22046FFF7F8FE3B
:10464000DFE700BF9C03002098030020646A062077
:1046500038B500250446294680F8505580F8AC57F7
:1046600080F8285DC0F82C5DC0F8305D4FF4AA6278
:1046700010F0ADFF29464FF4167204F2545010F0BA
:10468000A6FF4FF4AF62294604F5F66010F09FFFD5
:10469000204638BD00B5114B11491A681B79C3B0CB
:1046A0000DF11200CDF80D2020228DF8113010F000
:1046B000B7FF01230B4A8DF81F3011238DF82030EE
:1046C0004FF6FF73CDE9012301A9142306488DF8A5
:1046D0000C30FFF7C6FC43B05DF804FB9C61010899
:1046E00031650108AA5001007868062010B504461B
:1046F000FFF7D0FF10F054FDC4F82C0D10BD0000E2
:1047000000B5C3B001AB084A0192ADF80810002211
:1047100019460648ADF80A208DF80C20FFF7A1FCD9
:1047200043B05DF804FB00BFAA4101007868062091
:104730002DE9F84F054610F033FD95F850454FF040
:104740004409661E824609FB0454731C01D1BDE86E
:10475000F88F54F80C3C134AAAEB0303934213D985
:1047600014F8122C012A04BF022204F8122C0E4A5B
:10477000934209D995F85075B046013FA5F1440B15
:10478000474504DC85F85075013E443CDDE708F1FF
:10479000010809FB08F029184422584410F098FF3A
:1047A000EEE700BFA7D8010027820500F0B590F81A
:1047B00050550023A0F144064422DCB2A54201D8A2
:1047C000002007E003FB02275C1CF75B8F4202D14D
:1047D00002FB0300F0BD2346EFE72DE9F047054655
:1047E00090461F46FFF7E2FF9DF920908A46044657
:1047F00050B180F8339010F0D3FC0123A06384F80B
:1048000032302046BDE8F08795F85065132E06D962
:104810002846FFF78DFF95F85065132EF1D84423F5
:104820005E43B01C0F22414625F806A0284410F034
:10483000F7FE06F11200AC191F223946284410F089
:10484000EFFE012384F832304FF48073636384F801
:10485000339010F0A5FCA06310F0A2FC0023E063ED
:1048600084F8403095F85035013385F85035C8E765
:1048700070B516461D46FFF799FF044658B180F8FB
:10488000336080F8355010F08BFC94F83230A06320
:10489000012B01D1012070BD012384F83230F9E7EA
:1048A00070B50446002510F07BFC234604F5AF618B
:1048B0004FF47A74B3F8C02752B1D3F8C42793F8F1
:1048C000C867821AB2FBF4F2B24288BFA3F8C0579D
:1048D0001C338B42EED170BD38B5044610F060FC3D
:1048E000D4F82C3D47F61712C31A9342054604D953
:1048F0002046FFF7CFFEC4F82C5DD4F8303D4EF6CD
:104900004762EB1A934207D92046FFF711FF204672
:10491000FFF7C6FFC4F8305D38BD00002DE9F04157
:104920008EB00746884615460021102202A81E4672
:1049300010F04DFE2022002106A810F048FE86B19E
:104940000F22294602A810F06BFE02A8FBF742FCDA
:10495000441CE4B2A64204D91F22291906A810F06B
:104960005FFE0748FFF7E4FB40B2009006AB02AAE7
:1049700041463846FFF731FF0EB0BDE8F08100BF79
:1049800078680620FFF7BCBE0123FFF771BF000067
:1049900038B500254FF4C0630446C0E90055836074
:1049A0002946A0220C3010F012FE104A104B11497B
:1049B000C4E92B23104BC4F8B43004F1B80010F054
:1049C0007FFE4FF48073A4F8BE30052384F8C03016
:1049D000C4F8C15084F8C550A4F8C650C4F8C850F3
:1049E00084F8CC5084F8BD50204638BD0007000143
:1049F00000C81E003E6501080011010000238370FD
:104A000003700372704770472DE9F041067890B04B
:104A10000746884614461D46002E41D105293CD83C
:104A20002D4B232253F8211006A810F0F9FD8DF824
:104A30003B600126002D43D00A23621E27480093C5
:104A4000D2B2802300210196FEF7CAFC23480096CB
:104A500006AB22460221FEF743FC3E78012E1CD114
:104A600097F8AC30434518D9142303FB08771C4A48
:104A70003B8A0A2103A810F039FD03A8FBF7AAFB23
:104A800000EB40004100C1F17C0114480096C9B21E
:104A900003AB2246E5B1FEF723FC10B0BDE8F08180
:104AA000012EFAD190F8AC308B42F6D9142303FBD7
:104AB00001030C4ADB68282106A810F017FDB8E7AF
:104AC0000648009606AB22460221FEF7FBF9C4E732
:104AD000FEF7F8F9E1E700BF746B0108646A06208D
:104AE000A36701089D67010873B5214A04460123A5
:104AF00020480021FEF714F90922009280230021AA
:104B00001C48FEF7F0F90623A27A6372237A111D7E
:104B1000994202DA043BA37201E09A42FBD80C26C8
:104B20000025A37A627A58199042E9B20EDA194444
:104B3000237AC9B25A1A53425341204632460135AC
:104B4000FFF762FF0A36052DF6B2EAD101240A4BBF
:104B50000848009436220021FEF7B4F9074B0548B7
:104B6000009436224E21FEF7ADF902B070BD00BFB1
:104B700014640108646A0620436501087A6201082A
:104B800073B51C4A4178012352F8212005460021C3
:104B90001948FEF7C5F80922174800928023002122
:104BA000FEF7A1F90C26002495F8AC30A34210D8EA
:104BB0000124124B1048009436220021FEF782F99E
:104BC0000F4B0D48009436224E21FEF77BF902B0C0
:104BD00070BD052CECD02B7A1A1B53425341214651
:104BE0003246284601340A36FFF70EFFE4B2F6B229
:104BF000DAE700BF746B0108646A06204F6501089C
:104C00007A620108F7B51F4608260023CDE9006344
:104C10000D46144618480A4664230E21FEF7E0FBB1
:104C20002FB304EB840404EB8404A400B4FBF7F476
:104C300014F0FF041DD00123CDE900630E210E48BE
:104C400023462A46FEF7CCFB04F10C01C9B26E29BB
:104C500028BF6E210E2938BF0E210A2301206A1EAB
:104C6000CDE90030D2B204480423FEF7B9FB03B00B
:104C7000F0BD0E21F1E700BF646A062030B5037A6B
:104C800090F8AC209A4285B004463DD9142505FB26
:104C900003020021D2681D480123FEF741F80922D2
:104CA0001A48009280230021FEF71DF9237A184A42
:104CB00005FB034305211B8A02A810F017FC1348CB
:104CC000022302AA1921FEF72BF8227A05FB0242E1
:104CD0002046137D127C01242821FFF793FF0D4B02
:104CE0000A48009436220221FEF7ECF80A4B0748E6
:104CF000009436224421FEF7E5F8084B034800945F
:104D000036226721FEF7DEF805B030BD646A062062
:104D1000A36701085D650108656501087A620108FD
:104D20002DE9F743037A90F8AC209A42044625D93E
:104D30004FF0140808FB03020021D2683148012318
:104D4000FDF7EEFF092280232E4800920021FEF796
:104D5000CAF8237A08FB03439B69002B4FD1012437
:104D6000294B2848009436220021FEF7ABF8274B48
:104D70002448009436224E21FEF7A4F803B0BDE883
:104D8000F0831A8A771CAA42FFB24FF001092BD197
:104D90000A231C480093324680230021CDF804905A
:104DA000FEF71EFB237A174808FB03433A469B692C
:104DB000CDF8009053F825300221FEF791FA144BFC
:104DC0001048CDF800903A467421FEF789FA0A3669
:104DD0000135F6B2237A08FB0343EAB2197F914208
:104DE000BDD9052DCDD1BAE79B69CDF8009053F818
:104DF000253004483A460221FEF764F8E7E70B261F
:104E00000025E7E7646A06206D6501087A620108FB
:104E100023640108F7B590F8C710224A04462248D7
:104E20000123002908BF024620480021FDF778FF32
:104E3000092280231D4800920021FEF754F894F8BF
:104E4000C7302BB11A4A194801231221FDF768FF18
:104E5000184A164802231E21FDF762FF302500265E
:104E6000022794F8C620F3B29A4210D80124124BBC
:104E70000E48009432220221FEF724F80F4B0B4813
:104E8000009432224E21FEF71DF803B0F0BD2946F2
:104E90000B4B064800971E220C35FEF713F801361F
:104EA000EDB2DEE77C65010888650108646A0620CA
:104EB00091650108AB6501083E630108A362010822
:104EC0003B62010813B5124A124801230021FDF785
:104ED00027FF092200920F4880230021FEF703F8E4
:104EE00001240D4A0B4801231C21FDF719FF0B4B30
:104EF000084800942D220F21FDF7E4FF084B0548D8
:104F000000942D224621FDF7DDFF02B010BD00BF49
:104F1000B0650108646A0620BD650108CD65010819
:104F2000D665010810B504461348FDF7E1FE237865
:104F3000052B07D8DFE803F0030B0F13171B2046E0
:104F4000FFF7D2FDBDE810400B48FDF7D3BE204669
:104F5000FFF716FEF6E72046FFF790FEF2E7204641
:104F6000FFF7DEFEEEE72046FFF754FFEAE72046B4
:104F7000FFF7A8FFE6E700BF646A062001238370FD
:104F8000FFF7D0BF38B50D460021044680F8AC10BD
:104F9000A0220C3010F01BFB052D28D8DFE805F00F
:104FA00003283A4E5B6A364AE26094F8AE2094F8E1
:104FB000AD30A2840922238222850A23314A324954
:104FC000A382E26284F83030304A94F8AF30216234
:104FD00062632F4994F8B02023870123A387A4F8A4
:104FE0005030A164A4F84C20042384F8AC3038BDC0
:104FF00094F8B130274AB4F8B2102748E26023820F
:105000000A22FF236282A3822062A184E284238594
:105010000223EAE7214AE260214AA261032294F8CE
:10502000B430227794F8B5201E492382A28402234B
:105030001422A3822162E3842285D6E794F8BD304E
:10504000194A1A49E260238294F8BE2021620123A2
:10505000A382A284DBE794F8BF30154A1549E260C9
:10506000238294F8C02021620123A382E384A284D6
:105070003C23CCE7104BE360104B2362C8E700BF32
:10508000E065010800000020E7650108F0650108FF
:10509000F86501080866010813660108246601081E
:1050A000280000202E660108886501083B6601087B
:1050B0004766010855660108626601086A660108CC
:1050C0004378F3B9037A1BB9038A80F8AD3070478F
:1050D000012B03D1838C80F8AE307047022B06D1B0
:1050E000038F003B18BF012380F8AF307047032BBC
:1050F00041D1B0F84C30003B18BF012380F8B030EC
:105100007047012B0BD1037A1BB9038A80F8B130A9
:105110007047012B2FD1838CA0F8B2307047022B3F
:1051200024D1037A1BB9038A80F8B4307047012B6D
:1051300021D1838C80F8B5307047037A012B1AD1C6
:10514000838C003B18BF012380F8BE307047037A80
:1051500033B9038A003B18BF012380F8BF30704782
:10516000012B08D1838C80F8C0307047032BE4D02A
:10517000042BECD07047704783782DE9F04104464A
:105180008BB10378052B0ED8DFE813F006002E0054
:1051900060007D009F00060141291DD005D83229FD
:1051A0000BD0382911D0002005E042294FF0FF3103
:1051B00018BF0021C8B2BDE8F081237A0BB1013BD2
:1051C00023722046FFF7AEFEEDE7037A427A013AFA
:1051D0009342F6DA0133F3E7017A4170FFF7D2FE2A
:1051E00000232372012317E041290ED007D832296A
:1051F000E3D03829D7D1037A90F8AC20E7E74229E9
:10520000D1D1002303704378DAE7037A142202FB3A
:105210000302916911B103232370D2E7928A0AB184
:105220000223F9E74278032A0AD1002BC9D10422CC
:10523000027080F8C630C0F8C13080F8C530C0E7D1
:10524000052ABED1012BBCD10270BAE74229AAD8E7
:105250004029C7D801F0FD03342BA4D1027A1423CE
:1052600003FB02023629138A08D1918A994201D997
:10527000013313822046FFF723FFA3E7518A9942A7
:10528000F8D2013BF5E741291CD00ED832290FD0C6
:10529000382988D1037A142202FB0303197F1A8A62
:1052A00001398A428DDA01320AE042299AD07AE73E
:1052B000037A142202FB03031A8A002A81D0013ADE
:1052C0001A827EE701230370D4E7A1F13003092B92
:1052D00049D890F8C620032A3FF673AF531C024406
:1052E000DBB280F8C63082F8C110C2180027042B48
:1052F00082F8C1707FF465AF90F8C76000F1C10516
:10530000CEB100F1C80841462846FAF759FF0646D3
:1053100058B9414604F1B80010F0D2F9012384F8DD
:10532000BD30237084F8C7604BE784F8C670C4F8BA
:10533000C1702F7145E700F1B8012846FAF740FF28
:1053400058B94FF48073C4F8C80084F8CC00A4F8AE
:10535000C630C4F8C100287133E784F8C660C4F8C9
:10536000C1602E712DE7422910D043297FF41BAF75
:1053700090F8C630002B3FF424AF013BDBB280F83D
:10538000C6300344002283F8C1201AE701230370CA
:10539000002380F8C73014E7413901293FF603AFF5
:1053A000002339E770B500F548360025012304468F
:1053B00005702946A6F8FC331844A6F8F45186F87F
:1053C000FE53A12210F003F92946102204F1A20095
:1053D00010F0FDF82946084AA4F8B25004F1B400D0
:1053E00010F0F5F84FF40172294606F5FC7010F044
:1053F000EEF8204670BD00BF4021030010B5A12289
:1054000004460021013010F0E2F81022002104F1DE
:10541000A20010F0DCF80023A4F8B230237010BD15
:10542000FFF7ECBF00B5C3B001ABADF808100948F9
:105430000190110AADF80A208DF80D108DF80E209C
:105440001946022204488DF80C20FEF70AFE43B0EC
:105450005DF804FBAA3101007868062010B500F55C
:1054600048344FF4FA72002104F5FE7010F0AFF8E2
:10547000002384F8FB3184F8F833A4F8F83110BD28
:105480002DE9F84300F548341E4694F8F8339DF8AA
:105490002480074615461BB1B4F8F8318B421AD068
:1054A00006EB86035B014FF00009A4F8F811A4F89D
:1054B000F03384F8FA6184F8FB910FF071FE012358
:1054C000C4F8F40384F8F8334FF4FA72494604F54B
:1054D000FE7010F07CF895B3AE4230D3013D05EB81
:1054E00085056D01ADB205EB0803B3F5FA7F06DA69
:1054F00004F5FE7008994246284410F0E9F894F843
:10550000FB310133DBB2B34284F8FB310BD3002310
:1055100084F8EF3304F5FE70FAF75CFEA4F8F003AC
:105520000120BDE8F8830FF03BFED4F8F433C01A35
:1055300047F23053984202D93846FFF78FFF0020D8
:10554000EFE72DE9F84300F548330E4693F8F48170
:1055500000F1B404002542F61009EBB2984501D8D9
:10556000002708E020463146FAF72AFE2746013593
:105570004C440028F1D13846BDE8F8832DE9F047C6
:1055800007468846FFF7DDFF044650BB07F548395C
:1055900099F8F451132D24D842F610035D4305F118
:1055A000B4047E193C444FF0000A0F2241462046C5
:1055B000C43510F035F886F8C3A01F22414678198B
:1055C00010F02EF886F8E3A006F5005306F52356F2
:1055D000A3F8BCA8C6F800A099F8F431013389F803
:1055E000F4312046BDE8F087F8B51746FFF7C6FF4F
:1055F000044620B300F5005696F80858312D09D915
:1056000000F1FC0142F20C72303031250FF0C6FF80
:1056100086F80858CC2202FB054039463030013567
:1056200010F056F886F80858D7F8C430C6F80C3889
:1056300097F8C83013B997F8C9300BB10120F8BDFD
:1056400096F80938013386F80938F7E72DE9F04F65
:10565000042BC5B00546884657D91688D77892F8E6
:1056600002A076BA1FFA86F9043B02F1040B4A46FF
:10567000DCB2FFF7D7FE5249424603A80FF06CFF99
:10568000012F45D10F2203A90DF14600ADF844606A
:105690000FF0C6FF4B490F220DF156000FF0C0FF6F
:1056A000A02C28BFA024224659460DF1660010F018
:1056B0000FF804F588730DEB0304002604F8AA6CB8
:1056C0000FF06EFD4290284605F5483511AA03A952
:1056D000ADF80C618DF80E71FFF786FF95F8FE337B
:1056E0003948013385F8FE333946FDF7E1FD374887
:1056F000FBF76BFA364A282103AB07A80FF0F6FE3A
:105700003449314807AAFDF721FE45B0BDE8F08FC6
:10571000CDE900B43B46524649462846FFF7B0FE65
:105720000028F2D0ADF8446003A905F548360F22F1
:105730000DF146000FF074FF22490F220DF15600C3
:105740000FF06EFFB6F8F043A02C28BFA02422462D
:1057500006F5FE710DF166000FF0BAFF04F58873CF
:105760000DEB0304002704F8AA7C0FF019FD0124B7
:1057700011AA429003A92846ADF80C718DF80E418C
:10578000FFF732FF96F8FE330F48234486F8FE33C6
:105790002146FDF78DFD0D48FBF717FA03AB0E4AC6
:1057A000282107A80FF0A2FE0A49074807AAFDF71B
:1057B000CDFD284645B0BDE8F04FFFF74FBE00BF16
:1057C0005F6701089C610108646A0620B8690620C9
:1057D000646701087A67010883670108F8B500F576
:1057E00028360025044605804560294604F52937FA
:1057F0000C4AC6F8485486F84C5408300FF0E7FEBF
:105800002946A12207F14D000FF0E1FE10222946A2
:1058100007F1EE000FF0DBFE4FF42043A6F8FE3454
:105820002046F8BD40A40200002303807047704763
:105830002DE9F0411E4600F5283392B093F8483424
:105840008B4207460C46154668D956B10B230121F9
:10585000013ACDE900313F488023D2B20021FDF763
:10586000BFFD42F2D0135C4307EB040808F5005873
:1058700004F1080398F8D1213B44002A51D0364A5C
:10588000222109A80FF032FE01230093314809AB11
:105890002A460221002E46D0FDF722FD98F8D0219D
:1058A0000AB3013AAC2104F1380301FB02331F446F
:1058B0001622394602A80FF0B3FE002338468DF8B1
:1058C0001E30FAF787FC162803D9244902A80FF0E6
:1058D00086FE01236A1C00931E48D2B202AB02214D
:1058E00026B3FDF7FDFC98F8D131BBB11C4A052168
:1058F00002A80FF0FBFD02A8FAF76CFC00EB4000D9
:105900004000C0B2C0F17C04E4B296B10123009320
:10591000104802AB2A462146FDF7E2FC12B0BDE872
:10592000F081104AACE7FDF7CDFAB7E7FDF7CAFA08
:10593000D9E7831CC0F17B0109220126CDE90026AD
:10594000044803F0FE032A46C9B2FDF749FD00965C
:10595000DEE700BF646A062096670108DA6801087E
:10596000A36701089B67010870B586B000F528346D
:10597000A023009394F8FE34164A0A2103A80FF0DE
:10598000B5FD03A8FAF726FC00EB4001490001260B
:10599000C1F17E0103AB10480096242201F0FE0104
:1059A000FDF790FA94F8FE440B4804250023CDE956
:1059B0000053A40828232C225621FDF711FDCDE920
:1059C0000056054823462C225621FDF709FD06B056
:1059D00070BD00BFA0670108646A062007B50123F7
:1059E0000A4607480021FDF79BF909220448009266
:1059F00080230021FDF777FA03B05DF804FB00BFB8
:105A0000646A0620F7B51249124CFFF7E7FF01233D
:105A1000114A12481E21FDF783F9237801332370C0
:105A20000025012604272378E9B203F003038B4203
:105A300001D803B0F0BDC9003C31CDE9007607487C
:105A40000423282201F0FC01FDF7CAFC0135EAE736
:105A5000A6670108A0030020AF670108646A06205A
:105A600037B51C4615460B4631B10122009210484D
:105A700036220021FDF726FA2DB10D4801232A46D2
:105A80003621FDF74DF984B12046FAF7A3FB00EB70
:105A9000400041000123C1F17E01009304482346E8
:105AA000362201F0FE01FDF70DFA03B030BD00BF54
:105AB000646A06202DE9F041044604F528372049A0
:105AC000FFF78CFF97F84864CEB91E4A1E480123A1
:105AD0001E21FDF725F91D4A1B4801232821FDF74A
:105AE0001FF91B4A184801233021FDF719F92046F8
:105AF000184B194A1949BDE8F041FFF7B1BF052E0F
:105B000028BF05260C254FF0000897F84A1497F88F
:105B100048344144C9B28B42E9D997F849345A1AFA
:105B20005342534120462A4608F10108FFF780FE00
:105B30005FFA88F30B359E42EDB2E6D8D7E700BF97
:105B4000C3670108CC670108646A0620DA670108A8
:105B5000E8670108F4670108FE670108436501086A
:105B600073B5044601252649FFF738FF04F52936A9
:105B7000244B254800950C220221FDF7A3F9224869
:105B8000009506F1EE030C221421FDF79BF9152276
:105B90001D48009280230021FDF7A5F906F14D0371
:105BA0001948009518220221FDF78CF904F52833D5
:105BB00093F8FE3403EB4303AB400233DBB27D2B9F
:105BC00006D820220092104818221946FDF78BF9BA
:105BD0002046FFF7C9FE0D48FDF7F4FF01220346FA
:105BE000009209482A220221FDF76CF9084B094A64
:105BF0000949204602B0BDE87040FFF731BF00BF41
:105C00000668010816680108646A0620DC6A062036
:105C1000196801083E6301082768010810B50C499E
:105C20000446FFF7DBFE0B4A0B4801231E21FDF75C
:105C300077F80A4A084801232821FDF771F8204621
:105C4000074B084A0849BDE81040FFF709BF00BFED
:105C5000346801083B680108646A06204968010845
:105C6000D6650108AC690108CD65010837B53C244B
:105C700008464EF66023B2FBF3F21823B2FBF4F1B0
:105C800004FB11220092B1FBF3F5044A03FB151348
:105C900006210FF02BFC03B030BD00BFC06301082C
:105CA0002DE9F0431D4693F8A1308BB08046144691
:105CB000002B43D01F271C264FF000090A23CDE9F3
:105CC00000392048602322463146FDF789FB152222
:105CD000294604A80FF0A4FC8DF82590621C4FF013
:105CE0000109D2B21748CDF8009004AB3946FDF750
:105CF000E9F8D5F8A4206AB102A94046FFF7B6FF3B
:105D000004F10A020F48CDF8009002ABD2B2394636
:105D1000FDF7D8F895F8A1306BB195F8A83053B1DC
:105D2000012304F10A0200930648074BD2B206F1A0
:105D30005801FDF7C7F80BB0BDE8F0830527022630
:105D4000BAE700BF646A0620236401082DE9F14F19
:105D500000F52833054693F8497493F84834BB425C
:105D60003FD942F2D0135F4305EB070807F1080162
:105D700008F500580144FFF731FE98F8D041052C92
:105D800038BF0524053CE4B20C264FF0AC09383787
:105D90004FF0140A98F8D031A34216D909FB047BBE
:105DA000AB4432465B4621462846FFF779FF58460A
:105DB000FAF710FAB0FBFAF00130023600EBC0003F
:105DC00050FA86F6F6B2342E08D9074B074A08492E
:105DD000284601B0BDE8F04FFFF742BE0134E4B2FF
:105DE000D8E701B0BDE8F08F48630108AC6901084D
:105DF0005568010810B504461348FCF779FF23786D
:105E0000052B07D8DFE803F0030B0F13171B204601
:105E1000FFF750FEBDE810400B48FCF76BBF204673
:105E2000FFF794FFF6E72046FFF79AFEF2E72046D9
:105E3000FFF7E8FDEEE7204600F008F8EAE7204625
:105E4000FFF7ECFEE6E700BF646A062010B50A49DA
:105E50000446FFF7C3FD0123084A09481E21FCF749
:105E60005FFF40F2DC500FF09DF9012323702046C4
:105E7000BDE81040FFF7BEBF636801086C68010809
:105E8000646A0620012200F528334270002283F85C
:105E90004824FFF7AFBF38B502230446037000F56E
:105EA0002930A1220D464D3000210FF090FB04F562
:105EB0002833002204F5293083F8FE24EE3045B162
:105EC0000F2229460FF0ACFB2046BDE83840FFF713
:105ED00091BF102229460FF07AFBF5E710B500F5C7
:105EE0002833044693F8FE3473B103230370FFF79D
:105EF00081FF4FF47A700FF055F904232046237088
:105F0000FFF778FF012010BD1846FCE710B500F53B
:105F1000283393F848348B4210D942F2D01303FB54
:105F2000010000F50052002392F8D01182F8D1311F
:105F30000124DAB2914200F1AC0000D810BD80F823
:105F400034400133F5E738B500F52832044692F8BD
:105F500048548D420AD982F84914FFF7D7FF01232C
:105F600023702046BDE83840FFF744BF38BD2DE917
:105F7000F84300F52836054696F8488488450C46CF
:105F800013D9A0F5075742F2D019083F0134444510
:105F90000DD196F84924631EDBB29A4286F8483444
:105FA00003D313B1023C86F84944BDE8F88309FBEA
:105FB00004F305F1080142F2D0121944F8180FF069
:105FC00087FBE3E7437810B504464BB30378012B16
:105FD00050D0022B5FD01BBB32290ED03839CBB248
:105FE0000C2B1DD80C291BD8DFE801F01C1A1A1A3B
:105FF0001A1A1A1A1A32A139400000F5283292F8FA
:1060000049341BB1013BDBB282F8493492F84A149F
:10601000994202D9013982F84A142046FFF7EAFE74
:10602000002010BD00F5283292F8481492F8493447
:1060300001398B4292F84A14BCBF0133DBB201F143
:106040000400B8BF82F849349842E6DA0131E2E749
:1060500000F5283393F84914FFF775FFE0E700F5E2
:10606000283393F84914FFF782FFD6E70021FFF7A2
:1060700012FFD5E7412904D04229D1D10023237052
:10608000CBE700F5283393F8491442F2D01303FB11
:1060900001012831EBE7A1F14103092B2ED801A220
:1060A00052F823F0CD6000087D600008D36000083E
:1060B000FD600008FD600008FD600008FD6000084C
:1060C000FD600008FD600008F5600008FFF706FFAE
:1060D000A6E700F5283292F8FE34002B9DD0013B54
:1060E000DBB282F8FE34234403F52933002283F81F
:1060F0004D2092E70F48FDF7D1FC8EE7A1F1300368
:10610000092B8DD80B48FDF7ECFC002888D004F54E
:10611000283191F8FE249F2A82D8531C224402F58C
:106120002932DBB281F8FE3482F84D00DBE7FF2034
:1061300077E700BFDC6A0620882146F20142C0E909
:10614000001200224FF08071C0E90221C0E9042250
:106150000276704710B50123C37304460FF020F890
:10616000206110BD11F1450F0ADA11F1540F09DA5F
:1061700011F1630F08DA7231B4BF002001207047BB
:106180000420704703207047022070474378013B8A
:10619000DBB2032B9ABF024A52F823000148704732
:1061A0008C6B01081C6C0108837963B943794B2B14
:1061B0000BD8322B0BD8192B0BD8074A0748052BC5
:1061C00098BF104670470648704706487047064813
:1061D00070470648704700BFD46B0108DC6B0108AC
:1061E000CC6B0108F46B0108EC6B0108E46B01084F
:1061F00008B501700346FFF7B5FF01225870DA7346
:1062000008BD01238170C270C37370470F294171AB
:106210004FF001038CBF002101218271C171C37352
:10622000704700001FB50446FFF7B0FF0822CDE914
:1062300000220022034611460948FCF764FD94F948
:106240000030084A062102A80FF050F901230093FC
:10625000034802AB00220A21FCF734FE04B010BD53
:10626000646A0620A36701081FB50379CBB1C37820
:10627000009383780C4A062102A80FF037F902A890
:10628000F9F7A8FF00EB40014900C9B20123C1F1B1
:1062900080010093054802AB0022C1F34701FCF7DF
:1062A00011FE05B05DF804FBC0630108646A0620B6
:1062B0007FB50446FFF778FF0826034600221648FC
:1062C0005F21CDE90066FCF71EFD01256379134AC5
:1062D00005210DEB06000FF009F90DEB06030E4842
:1062E000009500226921FCF7EDFDE3798BB1237E57
:1062F0007BB10948162300225F21CDE90065FDF737
:106300006FF8054800950DEB060300226921FCF7A4
:10631000E7FF04B070BD00BF646A0620AD630108EA
:10632000037A37B50546002B50D0037E002B43D1AE
:1063300024246B7A63B12B7E43B10823CDE900336B
:106340002348244B00222146FCF7DDFC0834E4B24C
:10635000AB7A53B10823CDE9003321461E4B1C48CC
:106360000022FCF7D0FC0834E4B2EB7A53B10823E6
:10637000CDE900332146194B15480022FCF7C3FC38
:106380000834E4B22B7B53B10823CDE90033214616
:10639000134B0F480022FCF7B6FC0834E4B26B7BC9
:1063A00043B10823CDE9003309480E4B00222146B2
:1063B000FCF7A9FC03B030BD0823CDE90033044845
:1063C000094B00221C21FCF79EFCB1E71C24B0E71E
:1063D000646A0620BC6B0108B46B0108AC6B010851
:1063E000A46B01089C6B0108C46B010810B504463E
:1063F000FFF718FF2046FFF737FF2046FFF758FF4B
:106400002046BDE81040FFF78BBF10B504460EF0E4
:10641000C7FE23694EF66022C31A934208D9E37877
:106420000133DBB23B2B1DD8E3700123E373206102
:106430006369C31AB3F5FA7F0CD9237E83F0010395
:106440002376237A1BB9637A0BB9E3790BB1012365
:10645000E3736061E37B23B12046FFF7C7FF0023AE
:10646000E37310BDA3780133DBB20022172BE27077
:1064700094BFA370A270D8E770B54D1E04461618DD
:10648000B44200D170BD204615F8011F0DF07CFF0D
:106490000134F5E710B5C9B204460DF075FF601C74
:1064A00000210DF071FFA01CFE210DF06DFFE01C1E
:1064B000CA21BDE810400DF067BF38B505460C464F
:1064C000C9B20DF061FF210A681CBDE838400DF02B
:1064D0005BBF38B500F580530025C0E90055C3F80F
:1064E000585400F5A0430446C3F83C5C00F5C04393
:1064F0002946C3F8B85141F2504208300FF067F80E
:1065000004F5A250294644F2E0721C300FF05FF807
:1065100004F5B84029464FF4AF6240300FF057F809
:1065200004F5C340294682223A300FF050F804F5B2
:10653000C440442229463C300FF049F8204638BD7B
:1065400038B5044604F5805509490020FFF7A2FF3D
:10655000B5F858142020FFF7B0FFB5F858343422AE
:106560005A4304F108012220FFF786FF012038BDBD
:106570000100FECA38B5044604F5A0450B490420C5
:10658000FFF788FFB5F83C1C41F27440FFF795FF18
:10659000B5F83C3C04F5A251B8225A431C3141F2F3
:1065A0007640FFF769FF012038BD00BF0200FECA38
:1065B00038B5044604F5C0450B490820FFF76AFFCB
:1065C000B5F8B81145F65840FFF777FFB5F8B83180
:1065D00004F5B8411C225A43403145F65A40FFF7B2
:1065E0004BFF012038BD00BF0300FECA10B50749AC
:1065F00004460C20FFF74EFF04F5C34182223A31D6
:1066000046F2D410FFF738FF012010BD0400FECA87
:1066100010B5074904461020FFF73CFF04F5C441BC
:1066200044223C3146F25A20FFF726FF012010BDDC
:106630000500FECA037810B5044693B1FFF780FF4A
:106640002046FFF797FF2046FFF7B2FF2046FFF7EF
:10665000CDFF2046FFF7DCFF002363700EF0A0FDA6
:10666000606010BD0148FDF73DBD00BF78680620A1
:10667000012A02D1016000207047022A05D0032AB6
:10668000F9D0002AF7D10260F5E70B680360F2E762
:106690000368184708B5134B134A1978117018701E
:1066A000052807D8DFE800F0030A0E12161A0F4873
:1066B000FCF7F6FF0E4B01221A7008BD0D48FBF7E0
:1066C000FAFFF7E70C48FAF7E1FEF3E70B48FBF7B0
:1066D00021FBEFE70A48FFF7D5FBEBE70948FEF798
:1066E0004DFCE7E7B5030020B4030020202A032077
:1066F00034000020E828032064280320101403201D
:10670000106F0020406E00201FB5062252484FF443
:10671000E1310EF093F851494F480EF037F95049E6
:106720004D480EF033F94F48FCF79EFA4E494A485F
:106730000EF02CF94D48FDF735F94D4946480EF05D
:1067400025F94C48FAF7EBF94B4943480EF01EF98E
:106750004A48FDF7E7FB4A493F480EF017F9494818
:10676000FDF7F6FE48493C480EF010F94748FAF7A5
:106770005DFA474938480EF009F94648FEF750FEE1
:10678000454935480EF002F94448FDF7AFFF44484B
:10679000FCF756FE4348FBF78AFF4348FAF748FCEC
:1067A0004248FAF768FF4248FFF73EF84148FEF7D3
:1067B00025F94148FFF7CEFC4048FDF785FD4048EC
:1067C000FDF70DF86FF054013B48FFF711FD2D4820
:1067D000FDF799FE04462B48FDF797FE2146024639
:1067E0003548FFF713FD374B33481A78364B197885
:1067F000FFF707FD01212148FDF74EFB1F48FDF77C
:106800005BFC324B186800230193314B009301303D
:10681000304B03934FF0FF302F4B02934FF00402A5
:10682000694618BF00200EF0D7F9029B1BB1032266
:106830006946684698470020FFF72CFF274B012246
:106840001A700EF0ADFC264B26491860024804B0C1
:10685000BDE810400EF09AB8088C06207D6801084B
:10686000A2680108646A0620B2680108DC6A062092
:10687000C3680108B8690620D16801087868062055
:10688000DE68010840680620F4680108745B062091
:1068900009690108743703201D690108402A032093
:1068A000202A0320E8280320642803201014032052
:1068B000106F0020406E0020246E0020186C002015
:1068C000986A0020AD03002035000020587F0108A1
:1068D000656600089166000871660008AC03002038
:1068E000A80300202D6901080020FFF7D3BE000097
:1068F00013B501904048FCF7AFF8019928B13E4824
:1069000002B0BDE81040FCF7D3B83C4B1B78052B18
:1069100015D8DFE803F003284159626C3848FCF7CA
:10692000EDFE042807D850B10238022809D8DFE864
:1069300000F00E101200642803D0C9280DD002B058
:1069400010BD012002B0BDE81040FFF7A3BE042037
:10695000F8E70320F6E70520F4E70B2002B0BDE8D6
:1069600010400EF0DFBB2748FBF70EFE012837D1A1
:106970002448FBF791FE04460028E0D00378002B62
:10698000DDD001462048FAF7A5F9204822462146E5
:10699000FAF7C6FD0220D5E71C48FAF7F9FD0328EF
:1069A00003D11948FAF792FA1CE028B9164802B048
:1069B000BDE81040FAF742B9012811D1124802B0DF
:1069C000BDE81040FAF74AB91148FBF793FA0128DD
:1069D00006D10F48FBF750FACDE70E48FFF7F2FA61
:1069E000FF28ACD102B0BDE81040FFF77DBF0A48D8
:1069F000FEF7C2FBF4E700BF5C6B0020B50300208C
:106A0000202A0320E8280320745B06206428032042
:106A100010140320106F0020406E002038B50EF0D7
:106A2000BFFB154A1368C31AB3F57A7F1AD3134D07
:106A300010602B78124813490133DBB23B2B2B70CB
:106A400008D902780B780132D2B200243B2A2C708C
:106A500009D80270027809780B48FFF7D2FB0B4B7C
:106A600001221A7038BD0133DBB2172B047094BFBA
:106A70000B700C70EEE700BFB0030020AE030020E7
:106A8000AD03002035000020246E002034000020DB
:106A9000F0B5C5B00EF084FB05467548754E00F0A4
:106AA000A2F9FFF7BBFF7448FDF76AFD7348FCF7D6
:106AB00085FF04467148FDF753F800286F4818BF5A
:106AC0004124FDF766F8002818BF42246B48FCF704
:106AD000D2FF3CB16848FDF707FD2046FFF708FFED
:106AE000012333706648FDF7FBFAC8B103AC644874
:106AF0002146FDF73DFB88B1617840293FD022D87F
:106B0000202935D015D8A1F11003042B27D95C48D2
:106B1000FDF70EFB41B25B48FFF76AFB01233370C0
:106B2000594C2378052B3CD8DFE803F03861656CBD
:106B300070743029EBD1237A618854480DF1150225
:106B4000FEF784FDE3E741291ED05029DFD1237AE7
:106B500061884F480DF11502FDF7E0FED7E7237A73
:106B6000009362884B480DF11503FAF7F3F8CEE76E
:106B7000227A48480DF11501FAF728F9C7E761882C
:106B80004348FDF7FFFEC2E73D486488FDF7D0FAB1
:106B9000214642B23E48FDF7F7FEB8E73E48FCF713
:106BA0008BFD3848FFF731FC3C48FBF755FF10B12F
:106BB0003A48FBF71FFF3A4F3548FDF78DFE3B681B
:106BC0004EF66022EB1A934203D93648FFF732FDA6
:106BD0003D603378002B30D03348FCF789F82378B8
:106BE000052B1ED8DFE803F01A3034383C402F481C
:106BF000FBF7B4FCD5E72E48FAF757FC2548FAF71F
:106C0000ADF9CEE72B48FAF73FFDCAE72A48FEF771
:106C10000EFEC6E72948FDF7F6FEC2E71E48FCF760
:106C20000FFD1E48FBF718FF10B11C48FBF7C4FE10
:106C30001D48FCF75FF8002333700A200EF0B2FA0B
:106C40001F4B1D6045B0F0BD1848FBF74DFCE8E751
:106C50001748FAF7F7FBE4E71648FAF7A3FFE0E76F
:106C60001548FFF7C7F8DCE71448FEF75BF9D8E7EB
:106C7000C86800203400002040680620DC6A062036
:106C800078680620246E0020B503002074370320A6
:106C9000402A0320745B0620202A03205C6B00201E
:106CA000A403002040060020646A0620E828032090
:106CB0006428032010140320106F0020406E002071
:106CC000A803002008B52548FCF7B6FD2448FBF7CB
:106CD00049FF2448F9F704FF2348FCF7B1FF234894
:106CE000FDF700FB2248F9F78DFF2248FEF75AFB1B
:106CF0002148FDF7ADFC2148FCF782FB2048FBF75B
:106D000027FA2048FAF748F91F48FAF77DFC1F4890
:106D1000FEF764FD1E48FDF73BFE1E48FFF70CFA28
:106D20001D48FDF7A5FA1D48FBF7D5FC1C48FCF7EC
:106D300011FD1C4800F044F81B48FAF75FFC1B48A3
:106D4000FFF7C7FB1A4B0021C3E9A01118464FF407
:106D50002072BDE808400EF03ABC00BFDC6A062095
:106D6000646A0620B8690620786806204068062014
:106D7000745B062074370320402A0320202A032056
:106D8000E82803206428032010140320106F00203B
:106D9000406E0020246E0020186C00205C6B0020E8
:106DA000986A0020C8680020C068002040060020C3
:106DB000B8030020014801F0DFBE00BF646A06206E
:106DC00010B500214FF48073C0E96E31002200231A
:106DD000C0E972230446C0F8C0114FF4DC720EF013
:106DE000F6FB204610BD70B505460EF0D9F9D5F872
:106DF000C031C5F8BC01C01A0023C5F8C801C5F8E8
:106E0000CC312C4605F5DC76637ADBB1023B012BF5
:106E100018D9D4E90313D5F8BC21D01A814219D866
:106E2000E3690BB1206A9847A36A0133A362237A0E
:106E3000D5F8BC216261012B08D0022B01D00BB91F
:106E4000022363722C34B442DED170BDE368226148
:106E5000A361F7E70B449B1AFAE700002DE9F04124
:106E60001646444ADDF818801C460123C0E91E235B
:106E70000D466822002107460EF0A9FBF3B24A2B0B
:106E800028D83D4A52F8233006F4E0661E43EBB2A0
:106E90004A2BBE6632D8384A52F8233005F4E065F2
:106EA0001D43E3B24A2BFD663CD8334A52F82330E7
:106EB00004F4E0641C435FFA88F24A2A3C6745D830
:106EC0002D4951F8222008F4E06313437B673846CC
:106ED000BDE8F08106F0C002C02A0CD1CF2B0AD841
:106EE000264B06F03F0206F4E06653F82220224BC0
:106EF00053F82230CAE74FF0FF36C8E705F0C0026A
:106F0000C02A0CD1CF2B0AD81C4B05F03F0205F448
:106F1000E06553F82220184B53F82230C0E74FF0B9
:106F2000FF35BEE704F0C002C02A0CD1CF2B0AD82F
:106F3000124B04F03F0204F4E06453F822200E4B9D
:106F400053F82230B6E74FF0FF34B4E708F0C0033F
:106F5000C02B0CD1CF2A0AD8084B08F03F0253F8B7
:106F60002210054A08F4E06352F82120ADE74FF003
:106F7000FF33ABE700093D00587F0108187F010887
:106F800037B501230D460022074980F85D2081674F
:106F900080F87C3080F87D2080F87E50009500F0ED
:106FA00079F803B030BD00BF00093D001FB502AB4A
:106FB00083E80600816F029A9142044605D1C26FB0
:106FC00003994A4032F07F4210D09A8802989B7908
:106FD000A067A4F87C2084F87E30009394F87C307D
:106FE00094F87D20A16F204600F054F804B010BD45
:106FF000704707B5002A8DF807100DF107014FF013
:1070000001030CBF0A46002200F068F99DF8070052
:1070100003B05DF804FB000007B54B2300932F225B
:1070200030232E210248FFF719FF03B05DF804FB5F
:10703000AC6B062030B591FAA1F391FAA1F1B3FA45
:1070400083F3C4685B000325B1FA81F105FA03F309
:10705000490024EA03038A401A43C26030BD00009D
:10706000084A0346106863B1074A934201D106F00B
:10707000E1B9064A934201D106F0CAB9044A9342E3
:10708000FAD07047A80000200030014000380040CE
:10709000003C00402DE9F04F0E4685B015461F46D6
:1070A0000446002800F0C7808249C06E0AF036FE10
:1070B00081498146A06E0AF031FE80498346206FE7
:1070C0000AF02CFE7E498046606F0AF027FE824659
:1070D000B9F1000F00F0AF80BBF1000F00F0AB8002
:1070E000B8F1000F00F0A780594648460AF03DFE6F
:1070F0005146814640460AF038FE014680464846E1
:107100000AF033FE6066B9F1000F00F09480B8F128
:10711000000F00F09080002800F08D80626F9DF8D5
:1071200038302060511C0CBF4FF400724FF48022A5
:10713000002B14BF00234FF48273A2616360FFF73A
:107140008FFFB6EB500F79D2B6EB900F78D2B6EB3B
:10715000D00F77D2B6EB101F76D2B6EB501F75D298
:10716000B6EB901F74D2B6EBD01F2CBF3023382360
:10717000E361002D6ED0022D6ED0013D18BF0125B8
:107180006D000123B7FA87F7C4E904537F09072389
:107190000026E362FF014FF4E063E3604549E06EDF
:1071A000A660C4E90876A66266630AF09FFD4249BC
:1071B000A06E0AF09BFD206F40490AF097FD2369FD
:1071C000B342236FC3F3031114BF01220222082923
:1071D00098BF3C4803F00F0398BF50F821003A498C
:1071E00088BF3046022A51F8231018BF0122FFF74A
:1071F00021FF3349606F0AF079FD2368334A9342D7
:107200002CD1334B1A6E42F480521A661A6E02F475
:1072100080520192019A1A6C42F480521A641A6CDC
:1072200022F480521A64204606F0C9FE22681368D0
:1072300043F04003136005B0BDE8F08F002397E7EB
:10724000082395E7102393E7182391E720238FE77E
:1072500028238DE72B4695E7002393E71D4A9342A9
:1072600012D11B4B9A6D42F480429A659A6D02F4DA
:1072700080420292029A9A6B42F480429A639A6B1D
:1072800022F480429A63CEE7134A9342CBD1104B4B
:107290009A6D42F400429A659A6D02F4004203929C
:1072A000039A9A6B42F400429A639A6B22F400426A
:1072B000E8E700BFD8790108847901081879010846
:1072C000D07801085C000020B87701080030014048
:1072D0000010024000380040003C00402DE9F04121
:1072E0000D4616461C4633B3076802F071FB804614
:1072F000BB689907FCD5D5B115F8013B3B73BB685A
:10730000DA07FCD53B7B0EB106F8013B02F060FBCF
:10731000A0EB0800B0F57A7F04F1FF3409D2002C0D
:10732000E6D12046BB681B06FCD4BDE8F081FF23F4
:10733000E4E70120F6E70220F7E700207047028B20
:10734000C08A101A7047C28A018B914288BF0169B6
:10735000034683BF885C0132DA824FF0FF3070470A
:10736000028BC38A9A4286BF0269D05C4FF0FF301D
:107370007047806DD0F8DC302BB100234384D0F807
:10738000E030D43018477047836810B5044613B115
:10739000032201469847204610BD000070B54FF407
:1073A0007A730E460021C0E90113034615462B4AA5
:1073B00043F8C42B0446C0F8C4109C22C3E9011151
:1073C000C0E93411C0E93611C0F8E01028300EF0E1
:1073D000FEF8F3B24A2B19D8214A52F8233006F4AA
:1073E000E0661E43EBB24A2BC4F8846022D81C4AE4
:1073F00052F8233005F4E0651D430023C4F888509B
:10740000E36123842361A382204670BD06F0C0029D
:10741000C02A0CD1CF2B0AD8124B06F03F0206F43B
:10742000E06653F822200E4B53F82230D9E74FF094
:10743000FF36D7E705F0C002C02A0CD1CF2B0AD8FF
:10744000084B05F03F0205F4E06553F82220044B99
:1074500053F82230D0E74FF0FF35CEE72C6C01080F
:10746000587F0108187F010838B50446283000F01D
:1074700051FCE06918B10DF0C9FE0023E3612069F9
:107480000025258410B10DF0C1FE2561A58238BD0F
:1074900038B50546074B45F8D43B0446FFF7E4FFF3
:1074A0002846FFF771FF04F1C400FFF76DFF204687
:1074B00038BD00BF2C6C010838B5044600F1280522
:1074C000284600F089FC94F8BE304BB9284605499F
:1074D00000F026FD28460449BDE8384000F019BDFB
:1074E00038BD00BF7373000821750008012399405F
:1074F00080F82430002381764384704738B5838A2E
:107500008B4205460C4609D2202938BF2024006949
:1075100021460DF031FF10B12861AC8238BDFEE785
:1075200073B5846D866ED4F8CC300546E3B1E28A3B
:10753000238B9A4218D331462046FFF7DFFF20699C
:10754000324605F174010EF0C3F80023E382D4F84B
:10755000CC30268301960BB90EF0ECFDD4F8D03078
:1075600001A904F1C400984702B070BDB1F5806F65
:1075700070B505460C4610D8038C99420AD92029CB
:107580000E4638BF2026C06931460DF0F5FE18B111
:10759000E8612E84204670BDFEE70024FAE713B5AB
:1075A00090F824308DF8071004467BB1418C0131EE
:1075B000FFF7DCFF40B1638CE2699DF80710D154FE
:1075C000638C01336384012002B010BD01220DF1F0
:1075D0000701283000F013FCB0FA80F04009F3E70F
:1075E00070B590F8243004460E46154693B1418C90
:1075F0001144FFF7BBFF10B90025284670BD638C0E
:10760000E0692A46184431460EF062F8638C2B4438
:107610006384F2E792B2283000F0F1FB0028EBD14E
:10762000EBE70346006918B19A8A00210DF0CFBF3D
:1076300070470346C06918B11A8C00210DF0C7BF0E
:10764000704738B50446C9B9AA23A36594F8BE307B
:10765000012B16D1638CE269A17E04F1280000F0B1
:1076600007FC042828BF0420C5B22046FFF7E1FF2D
:107670000023638484F82430284638BD4FF42A431D
:10768000E3E70425F8E70121FFF7DBBF38B504463F
:107690000025C5820583FFF7C4FF65842046FFF7F8
:1076A000C8FF38BDF8B50446D0F884000DF0F2FAF2
:1076B00000210DF059FCD4F88430C3F30312082ADA
:1076C00042D8254D254F55F8222003F00F031269AB
:1076D00057F8233093433DD0D4F888000DF0DAFA00
:1076E00001210DF041FCD4F888001D4B1D4C1B6896
:1076F000B3FBF4F3C0F303110A24082900F00F02CE
:1077000004FB03F323D857F82270174A142655F8C0
:1077100021C0CCF82870D2F804E05468A4EB0E0421
:10772000A342FADCCCF81870D2F804C05468A4EB79
:107730000C04A342FADC013EE9D10DF0ABFA31466C
:10774000BDE8F8400DF010BC00231B69FFDE0023EC
:107750009B62FBE7F8BD00BF5C000020B877010822
:10776000A800002040420F00001000E02DE9F04189
:1077700004460025C58205831F460E469046FFF746
:1077800050FF6584A5762046FFF753FFD4F8DC3020
:10779000C4F8804033B104F1D4010322084698476D
:1077A000C4E937550023012E84F824304FEA4603FC
:1077B00084F825300CBF0123002384F8BE3084F800
:1077C000BF8084F8C07002D12046FFF76BFF04F140
:1077D000280594F825200949284600F0B3F994F8C3
:1077E000BE304BB92846064900F09AFB28460549A9
:1077F000BDE8F04100F08DBBBDE8F081A08601003E
:1078000073730008217500080A4600230121FFF761
:10781000ADBF0000024828222721FFF7BFBD00BFEF
:107820002C6C06200148FFF733BE00BF2C6C0620ED
:1078300008B52E4B984212D1402006F0AFF900282F
:107840004BD12B4BD3F8883003F44053B3F5805F12
:1078500041D0B3F5005F47D0002B3FD0FEE7254B6A
:10786000984210D1802006F099F9B0BB204BD3F894
:10787000883003F44043B3F5804F2CD0B3F5004F6C
:1078800032D05BB3FEE71C4B984211D14FF48070AD
:1078900006F084F908BB164BD3F8883003F4403364
:1078A000B3F5803F17D0B3F5003F1DD0B3B1FEE76D
:1078B000124B984216D14FF4801006F06FF960B960
:1078C0000B4BD3F89C3003F00303012B03D0022BA6
:1078D0000AD01BB1FEE70A4B186808BDBDE8084096
:1078E00005F096BD0020F8E70648F6E70054004092
:1078F0000010024000580040005C0040008400403E
:10790000A80000200024F4002DE9F04F784B53F834
:10791000312082429BB007D103EBC102D2F804E0D0
:10792000BEF1000F40F0DF801C22724C724D43F814
:1079300031004A4304EB5003B3FBF0F0AB18AA58F4
:107940009E7E04EB5205B5FBF2F2DD8A0595059F9C
:107950001D8A0C921A8B0D923D4412950D9F9D89A4
:10796000F21C3D444243323DAD1A25EAE575059FC0
:107970000695DD89ED1BA5F582750244AA1A22EA57
:10798000E272079200FB06F208925A68B4FBF2F228
:1079900013929A68B4FBF2F21492089A02EB400236
:1079A0003232109284180C9A0E92002510220F92F7
:1079B00009954FF0FF3EEAB21192109A2E07A21AD3
:1079C000189600260B920496129E0B9FBE427AD800
:1079D000189F049E3E431796454F0026CDE9026648
:1079E00007EBC1071997069F029EB74261D8079E11
:1079F000029FBE425DD30F9E119FBE4259D0099F88
:107A00000137072F09976ED85E8A059F15960D9E40
:107A1000F7193E190A96089E039FA4EB0608179EC5
:107A20003E43169600260196089E06EB080C159E0E
:107A3000664534D2A8F1320CB0EB9C0F2FD20A9ECF
:107A4000019F06EB040C169E3E433746A2464FF0BC
:107A50000009149E66451BD8139E664518D3B3F8DB
:107A600014B0DA4514D3504512D20C9EACEB060B81
:107A7000BBF1000F0E9EB8BFCBF1000BB34507D290
:107A8000199E49EA070EC6F804E0119ECDE90EB62C
:107A900009F58079B9F5803F94449244D9D1019E8B
:107AA0000A9F01361744B6F5807F01960A979044E5
:107AB000BAD1039E029F06F580361744B6F5801FA3
:107AC000029703968FD10B9E16440B96049E06F5E3
:107AD0008016B6F1807F04967FF476AF0135102DC5
:107AE00004447FF468AF70461BB0BDE8F08F00BF60
:107AF000206D062000CA9A3B506C010808B50E4B59
:107B0000994212D90D4B994207D80068FFF790FEB1
:107B10000121BDE80840FFF7F7BE094B994209D89B
:107B20000068FFF785FE0221F3E70068FFF780FE9B
:107B30000021EEE7002008BDA0860100801A0600A3
:107B400040420F00F0B50E4685B0154604460028A9
:107B500000F0CF806849C06D0AF0E0F86749074639
:107B6000206E0AF0DBF80146002F00F0C2800028EA
:107B700000F0BF8038460AF0F8F82060002800F0D6
:107B8000B8805F4B984204F1040757D103F5DE3308
:107B90009A6D42F400129A659A6D02F400120092F6
:107BA000009A9A6B42F400129A639A6B22F40012C4
:107BB0009A6342F21F03A4F86430524B1F604F498E
:107BC000206E0AF093F84C49E06D0AF08FF82368B4
:107BD000636031462046FFF791FF0123C4E90205A7
:107BE0000025C4E9043594F8973094F96400A56140
:107BF0005B1B18BF0123DB04236294F8983084F8E0
:107C000045505B1B18BF01235B0463622A460221B7
:107C100002F03CFC94F9640002F06AFC94F96500FF
:107C20002A46022102F032FC94F9650002F060FC61
:107C3000384603F04EFA002857D0FEE7324B984200
:107C400019D103F5DC339A6D42F480029A659A6D7E
:107C500002F480020192019A9A6B42F480029A63C4
:107C60009A6B22F480029A6342F22123A4F86430D2
:107C7000244B5F60A3E7254B984219D103F5DA3313
:107C80009A6D42F400029A659A6D02F40002029223
:107C9000029A9A6B42F400029A639A6B22F40002F1
:107CA0009A6344F64813A4F86430164B9F6086E745
:107CB000174B984283D103F5C633DA6D42F00202C6
:107CC000DA65DA6D02F002020392039ADA6B42F08F
:107CD0000202DA63DA6B22F00202DA6345F254330D
:107CE000A4F86430074BDF6069E70223A06684F8DC
:107CF000953005B0F0BD00BF8C7D0108147D0108F2
:107D000000540040106D062000580040005C004008
:107D10000084004010B5044690F9640002F0F6FBC0
:107D200094F9650002F0F2FB201D03F028FA206EA2
:107D3000032109F04DFFE06D032109F049FF23689D
:107D4000204A93420DD1204B9A6B42F400129A6361
:107D50009A6B22F400129A639A6D22F400129A65CB
:107D600010BD1A4A93420CD1174B9A6B42F4800211
:107D70009A639A6B22F480029A639A6D22F48002CD
:107D8000EDE7134A93420CD10F4B9A6B42F4000279
:107D90009A639A6B22F400029A639A6D22F40002AD
:107DA000DDE70C4A9342DBD1074BDA6B42F002026B
:107DB000DA63DA6B22F00202DA63DA6D22F0020291
:107DC000DA65CDE700540040001002400058004042
:107DD000005C00400084004010B50446FFF78EFEB2
:107DE0006268136823F001031360A060201D03F094
:107DF00070F96268136843F00103136010BD202A14
:107E000030B514D800239CB2A24207D890F8943021
:107E10001344DBB280F89430002030BD90F89440D9
:107E2000CD5C1C440444013384F87450EBE701201A
:107E3000F3E710B564230446043003F0B9F90228CF
:107E400010D0032806D090B194F84530202B18BFED
:107E5000042004E094F84530202B18BF052008BF0B
:107E6000022004E094F84530202B18BF062010BDF6
:107E70002DE9F34704460E4691461F4601F0A8FD42
:107E800080463FB901223146204602B0BDE8F047A6
:107E9000FFF7CFBFD4F830A000250434CDF800A000
:107EA0003B464A463146204603F008FA022807D1ED
:107EB00001F08EFDA0EB0805642DEFD906201FE030
:107EC00008BB01F085FD0646204604F002F9202893
:107ED00009D0632D07D801F07BFD851B204604F0F7
:107EE000FBF80028F0D0204604F0F6F8632D0CD8FB
:107EF00082060AD443070AD4003818BF0120800044
:107F000002B0BDE8F0870420FAE70520F8E7032077
:107F1000F6E720B119B1C166043003F0FDBA70472D
:107F200020B119B10167043003F0F6BA704770B59B
:107F300090F89130012B04460E46A0F1040509D1BA
:107F4000436E3BB1836E28469847022384F89130F4
:107F500000236366012E4FF0000312D1E26E84F815
:107F600091301AB184F890302846904794F89020C8
:107F700004F1700120464FF00073BDE8704003F03B
:107F800007BA0122636684F89120616E7431294436
:107F900020464FF08073BDE8704003F05BBA10B527
:107FA00090F89130012B044604D1436E13B1836ED7
:107FB00004389847022384F89130002363662046F2
:107FC000BDE8104003F0A8BA436E1F2BDEBF436E1E
:107FD0000133436690F89130012BDAB206D1416E3D
:107FE00070314FF08073014403F034BA70470023BE
:107FF00080F89030704790F892300BB903F08CBA4B
:1080000070470000014B186803F09ABA106D062003
:10801000014B186803F041BE106D0620014B5868F3
:1080200003F08EBA106D0620014B586803F035BE80
:10803000106D0620014B986803F082BA106D06207F
:10804000014B986803F029BE106D062010B5054B52
:10805000DC68204603F074FA2046BDE8104003F0C7
:108060001CBE00BF106D0620014BD86803F015BE82
:10807000106D062070472DE9F04F85B01D46BDF903
:108080003840BDF83C300093A4EB0208A5EB010991
:10809000B8F1000FB8BFC8F10008B9F1000FB8BFC0
:1080A000C9F10009C845174616468246A4462A4625
:1080B0000B4605DC22463B462C460F4665463146BC
:1080C000A74208DC1E46134632462E460D46314670
:1080D00026463C4637469B1A3E1B83EAE372A2EBD8
:1080E000E372C6F3C033B0B203FA86F68D42B4BF72
:1080F00001234FF0FF330190029276100393BC42AC
:1081000002DD05B0BDE8F08FDAF80030C845D3F8DD
:1081100018B0009BC7BF224629462A462146504632
:10812000D847029BF61AB3B236B2002E05DA039A8C
:108130001544019A13442DB21EB2013424B2DEE775
:10814000704710B404682469A4465DF8044B604786
:1081500030B40468BDF808500295A46BA44630BC46
:10816000604730B40468BDF808500295E46BA4463B
:1081700030BC604770B4BDF90C50BDF810600468A5
:10818000CDE90356246CA44670BC60472DE9F34149
:108190001C460368BDF820805B6905461646013C15
:1081A00034440F4624B298472B68CDF804800094DD
:1081B0009C6A28463B4632463946A0472B68DB6A14
:1081C000284602B0BDE8F04118472DE9F3411D46AD
:1081D0000368BDF820805B69044617460E46984741
:1081E0002268CDE900786B1E3344956A20461BB2A5
:1081F0003A463146A8472368DB6A204602B0BDE80C
:10820000F04118472DE9F3471E460368BDF9288061
:108210005B69BDF82C900C460546174698472644E6
:10822000B4422B6805DBDB6A284602B0BDE8F047A4
:108230001847CDF80090D3F820A0214643463A468F
:1082400028460134D04724B2EAE713B50268019109
:10825000B0F90E100091146CB0F90C3000221146E8
:10826000A04702B010BD2DE9F3471D460368BDF8D5
:108270002C805B69BDF9289004460F461646984746
:108280002368CDF80080D3F824A032462B46394627
:108290002046D0472368CDF8008009F1FF323244F0
:1082A000D3F824A039462B46204612B2D047236883
:1082B000CDF80080D3F820A032464B463946204600
:1082C000D047013D2368CDF80080E91920461D6A9A
:1082D00032464B4609B2A8472368DB6A204602B003
:1082E000BDE8F047184770472DE9F7439942154616
:1082F000BDF92860BDF82C90026807460C469846E8
:1083000011D1B542D8BF3346CDF82890DCBF2E46F8
:108310001D466B1C956B9B1B1BB23246AC4603B0D3
:10832000BDE8F0436047B5420FD19942D8BF1C4623
:10833000CDF82890D66BD8BF88460134A4EB08044A
:1083400023B22A464146B446E9E7536998473B6859
:10835000CDE9006938469E6A2A4643462146B04721
:108360003B68DB6A384603B0BDE8F043184701F0CC
:1083700003038376B0F90830B0F90A20C9075EBF5D
:10838000194613460A468281C381704730B542813F
:10839000C281074A074D0181002481814FF0FF31DE
:1083A000C0E905124460056004610477046230BDD1
:1083B00001010001AC6C01082DE9F04F89B0CDE955
:1083C00003120593BDF8503006930368BDF9489039
:1083D0005B69BDF94CA00446984719F1070348BFF3
:1083E00009F10E030026DB100293B0463546049BCC
:1083F00003EB08020FFA88F39A4512B226DD002338
:108400000193059B03EB060B17E059070BBFDB102D
:108410006D001BF80350EDB22B060BD5039B0199A1
:108420000792591823689B6909B21F462046069B8C
:10843000B847079A019B01330193BDF904304B45BE
:10844000E3DB029B08F101081E44D0E72368DB6AE6
:10845000204609B0BDE8F04F184700002DE9F04F65
:1084600093B01F460292026ABDF87030BDF8748066
:108470009DF878509DF87C40039383460E46002A71
:1084800040F0C080B0F90C308B4240F34181B0F92C
:108490000E30029A934240F33B81062315FB0313EF
:1084A000002B40F3358102EBC403002B40F33081F5
:1084B000037F1BB9AF2F84BF0137FFB2DBF8003059
:1084C00058465B6998470522099200220492924A15
:1084D000BDF808A007EB8703D3180D93049A0D9BF2
:1084E0009B5C0693BDF810300793B3B2059302FB73
:1084F00005F313FA86F31BB2089308230A932BB2F1
:108500000B9323B24FF000090C93069ADBF800306E
:10851000D20751D5012D1FFA89F23ED1012C3CD151
:108520009B69079905981F46039B5244014412B268
:1085300009B25846B847069B5B0806930A9B013B65
:1085400009F1010913F0FF034FFA89F90A93DCD10D
:10855000049F01377BB20493099B013B13F0FF0397
:108560000993BBD1039B43450FD0012DDBF80030AD
:1085700039D1012C37D10599CDF8008005311C6A1D
:10858000029A082309B25846A047DBF80030DB6A9C
:10859000584613B0BDE8F04F18470399019114FBFA
:1085A00002F252440C990091DB6908991F4612B2FD
:1085B0000B9B5846B847BEE7039A4245BBD0012DF6
:1085C0001FFA89F209D1012C07D19B6907990598F7
:1085D0001F46524401444346A9E714FB02F25244A9
:1085E000CDF80480DEE70599CDF8048005EB85021F
:1085F000E40011440094DC69029A2B4609B2584603
:10860000A047C2E7137A516812680B92FF1AFFB2B3
:1086100001EBC70331F8372004929A7893F905A04B
:108620000792DA7893F90630089345EA0403012BA0
:1086300087BF089B06930023CDE9053303680C929E
:108640005B6988BFCDF814A09847B3B20027109398
:108650001AFA86F3B946B84611930C9B984594D202
:10866000BDF808300993069B029A434413FB04F3B8
:1086700013FA82F32AB21BB20E9222B20A93002698
:108680003B460F9229E05A1CD2B25B070D9207D1EC
:10869000049B04990B9A01339BB212F80190049346
:1086A00019F0800F12D0012DDBF800301FD1012C02
:1086B0001DD1DDE908120A441199D3F818A0039BD3
:1086C0004244711812B209B25846D0474FEA4909DC
:1086D00001360D9B5FFA89F9F6B2079A9642D2D31A
:1086E000174408F10108FFB25FFA88F8B5E7059A68
:1086F0009119109A01FB0521039A01920F9A009299
:10870000D3F81CA00A9A0E9B09B25846D047DDE761
:1087100013B0BDE8F08F00BFFC6C0108F0B5026A31
:1087200085B004460B46002A34D10A2908D1438A71
:108730000282427E03EBC2036382012005B0F0BDDA
:108740000D29FAD0E17E007E657E71B1B4F910602A
:10875000062110FB0161B4F90C60B142C1BFB4F94C
:108760001210228201EBC5026282CDE90205E28A83
:108770000192A28A0092B4F91220B4F91010204696
:10878000FFF76CFE237E228A03EB430302EB4303D5
:108790002382D2E70A2907D100230382417E127B7C
:1087A000438A01FB0233C7E70D29C6D0117A8B42F9
:1087B000C3D3907A9842C0D35568591AC9B205EB11
:1087C000C105A97829B3E87818B3E07E267E677ED4
:1087D00090B195F905000844B4F9101006FB00119A
:1087E000B4F90C00814207DD00202082B4F9121098
:1087F000127B02FB07126282CDE90267E28A0192D4
:10880000A28A0092B4F91220B4F910102046FFF7A2
:1088100025FE2979227E238A01FB0233B8E701294C
:1088200038BF01210176417670472DE9F04F046A87
:1088300085B00D46DDE910ECDDE90E17002C75D092
:108840000A2D0AD100211180407E217B1A8800FB6D
:1088500001221A8005B0BDE8F08F0D2DFAD0267ADE
:10886000B542F7D394F80A80A845F3D3AE1B6568E8
:10887000F6B205EBC605AE780196EE7895F905904F
:1088800095F906A002962E79C57E0396ADB1019D9D
:1088900090F818B009EB0508B2F900500BFB085529
:1088A000B0F90C80454508DD0025158094F80C8052
:1088B000457E1C8805FB08441C80047E019EB2F89E
:1088C0000080407E1B8816FB04F609FB0488013EED
:1088D0000FFA88F516FA88F8029E0AFB003316FB99
:1088E00000F001380FFA83F910FA83F3B1F90000B0
:1088F000A842C8BF0D80B7F900104945C8BFA7F806
:108900000090BEF900100FFA88F84145B8BFAEF8E4
:108910000080BCF900101BB29942B8BFACF800301F
:108920001388039901FB0433138093E70A2D05D1C3
:108930001480417E1A8802EBC1028AE70D2D89D08E
:10894000C57E85B1B2F90060057E4FF0060815FBC3
:108950000865B0F90C60B54205DD1480457E1C88C1
:1089600004EBC5041C80057EB2F90060062415FBEB
:108970000464467EB3F9000000EBC600BEF9006057
:10898000013CA642B8BFAEF80040BCF90040013837
:108990008442B8BFACF80000B1F90040B2F9000061
:1089A0008442C8BF0880B3F90030B7F9001099427B
:1089B000C8BF3B80118805EB450301EB4303B3E7D8
:1089C0002DE9F04788B0DDE91086DDE912750C4627
:1089D00047F6FF71A8F80020ADF814303380ADF8E9
:1089E00018100023ADF81A104FF6FF712B80814646
:1089F000ADF81620ADF81C10ADF81E103B800DF13F
:108A00001E0A14F8011BB9B9BDF91C30BDF91820B4
:108A10009342A1BF01339B1AA8F800203B80BDF907
:108A20001A20BDF91E309342A1BF01339B1A328038
:108A30002B8008B0BDE8F08707AB02930DF11A0355
:108A4000019306AB0093CDF80CA005AB0DF1160217
:108A50004846FFF7EAFED4E7002910B51ADBB0F963
:108A60000C408C4216DD002A14DBB0F90E40944213
:108A700010DD847E022C0ED0032C15D0012C04D1E5
:108A80000489A41A013C0A4621B2012B12D0022B00
:108A900033D003B310BD0489013C611A4489A21A82
:108AA000013A09B212B2F0E74489013C641A114656
:108AB00022B2EAE7002A04891346B8BFD31DDB10AF
:108AC00013FB0413C16A02F0070001228240C85C54
:108AD0000243CA54DEE7002A13460489C06AB8BFBD
:108AE000D31DDB1013FB041302F007020121914098
:108AF000C25C22EA0102C254CCE7002A1346048970
:108B0000C06AB8BFD31DDB1013FB041302F00702C9
:108B1000012101FA02F2C15C4A40ECE738B5044693
:108B20001D46FFF733FC114B114A236000239D4281
:108B300008BF1546FF2284F8332084F836209DF9BB
:108B4000102084F83720059AA265069AE265094A42
:108B500062664FF6FF710122A186A4F86820C4E97D
:108B60000A53636284F86A30204638BD04720108F3
:108B70002C6C062000093D0010B50446C06A08B1FF
:108B80000CF044FB204610BD826AF8B504460D4641
:108B90009AB190F930101046FEF7A8FCA06A03685D
:108BA00000211B689847A06A036829461B689847FC
:108BB000A06ABDE8F840FEF766BD006C266D03684C
:108BC00023EA06030360606A18B1BDE8F840FEF7C7
:108BD00010BAD4E90E23082180201668A76C05423C
:108BE00014BF3E43BE4316601E68E76C3E431E60E2
:108BF0001E68E76C013926EA07061E604FEA50003E
:108C0000EBD1F8BD38B50446806A0D4678B1A16D48
:108C1000FEF752FCA5F15A012046C9B2FFF7B4FF96
:108C2000A06A88B1E16DBDE83840FEF745BC606AD6
:108C300018B1D4E91912FEF7B9F9626C616D1368C5
:108C400023EA01031360E5E7626C616D1368606AF3
:108C50000B43136018B1BDE83840FEF7C9B938BD01
:108C60002DE9F0410446806A0D468F1840B394F90F
:108C70003010FEF73BFCA06A036800211B68984790
:108C80000126AF42A06A03D1BDE8F041FEF7FBBC6C
:108C9000202E0CD1FEF7F7FC94F93010A06AFEF7F5
:108CA00025FCA06A036800211B6898470126A06A7A
:108CB00015F8011B036801361B689847B6B2E0E758
:108CC000226C216D136823EA01031360AF4201D1C6
:108CD000BDE8F081606A15F8011B18B10022FEF7AB
:108CE00088F9F3E7D4E90E234FF008088026D2F87C
:108CF00000C0D4F848E0314214BF4CEA0E0C2CEA14
:108D00000E0CC2F800C0D3F800C0E06C4CEA000CB6
:108D1000C3F800C0D3F800C0E06CB8F101082CEA39
:108D2000000CC3F800C04FEA5606E0D1CEE738B5D4
:108D30000446806A0D4668B1A16DFEF7BDFB204672
:108D40002946FFF721FFA06A88B1E16DBDE83840F0
:108D5000FEF7B2BB606A18B1D4E91912FEF726F922
:108D6000626C616D136823EA01031360E7E7626CCC
:108D7000616D1368606A0B43136018B1BDE8384039
:108D8000FEF736B938BDB0F90A30DA1D48BF03F135
:108D90000E02B0F90830C06AD2105A4300210CF01C
:108DA00016BC00002DE9FF411E46C36A9DF82880CD
:108DB00004460F461546B3B12046FFF7E4FFB4F969
:108DC0000A00B4F9081020281FDC20230122CDE975
:108DD0000132203873237339009300EBD070B14B0C
:108DE00001EBD1711FE0B0F90A30D81D48BF03F183
:108DF0000E00B4F90830C01058430CF0FFF9E062DF
:108E00000028D9D104B0BDE8F08140234FF0010C17
:108E1000CDE9013C5223403852390093A24B00EB7C
:108E2000D07001EBD17140F34F0241F34F01204666
:108E3000FFF7C2FA84F83170A76A002F6BD0002DBB
:108E400067D1B4F90A30202B14BF3D253C2584F8A6
:108E50003050B8F1000F03D000213846FEF7D4FCA3
:108E6000DEB194F93700002817DB01210CF07CF803
:108E7000012194F937000CF0E1F801200CF092F98F
:108E8000002194F937000CF0D9F80A200CF08AF987
:108E900094F9370001210CF0D1F8A06A002800F005
:108EA0008D81A16DFEF708FB042280492046FFF763
:108EB000D7FE61890139C9B22046FFF765FE7C49BA
:108EC00004222046FFF7CCFE94F93130012B14BF69
:108ED000142110212046FFF757FE04227549204631
:108EE000FFF7BEFE8F23744A84F86030A368934274
:108EF00000F07C8102F50012934240F06C8194F9FD
:108F00003130012B14BFCF239F2384F8603012250A
:108F10006DE16DB29BE794F9350001210CF024F866
:108F2000012194F936000CF01FF894F8351094F9EB
:108F300035204A2910D8614B53F82130C3F303136D
:108F4000082B55D9142323645C4B53F8212002F0DD
:108F50000F020123934007E002F0C003C02B2AD088
:108F6000142323644FF4004394F8361094F9362008
:108F700023654A2945D8514B53F82130C3F30313D5
:108F8000082B61D9142363644C4B53F8212002F061
:108F90000F020123934063657A69656A13437B611D
:108FA000002D5DD0B8F1000F3FF45AAF00212846E4
:108FB000FDF7E6FF54E7CF29D2D8414B02F03F003E
:108FC00053F820003D4B53F82030C3F30313082B14
:108FD0000ED91423236402F0C003C02BC2D1384B36
:108FE00002F03F0253F82220344B53F82220AEE720
:108FF000344850F823304A2903F114032364A3D9D9
:10900000E9E702F0C003C02B10D01423636402F020
:10901000C003C02B21D1CF291FD8294B02F03F021A
:1090200053F82220254B53F82220B0E7CF29ECD863
:10903000234B02F03F0053F82000204B53F8203020
:10904000C3F30313082BE0D81E4850F823704A29B5
:1090500007F11403636497D9D9E74FF400439AE703
:1090600094F9330001210BF07FFF012194F93400C2
:109070000BF07AFF94F8331094F933204A2923D85F
:109080000E4B53F82130C3F30313082B5ED914237E
:10909000A3630A4B53F8212002F00F0201239340EF
:1090A0001AE000BF7A7201085A740108767201084A
:1090B000727201086E72010880002000587F01085A
:1090C000187F01085C00002002F0C003C02B20D0F4
:1090D0001423A3634FF4004394F8341094F934201C
:1090E000A3644A293BD8614B53F82130C3F30313DF
:1090F000082B57D91423E3635C4B53F8212002F06B
:109100000F0201239340E3646A6922EA03036B615F
:10911000A6E6CF29DCD8564B02F03F0053F82000DA
:10912000524B53F82030C3F30313082B0ED91423EA
:10913000A36302F0C003C02BCCD14D4B02F03F0221
:1091400053F82220494B53F82220A5E7494850F80C
:1091500023304A2903F11403A3639AD9E9E702F003
:10916000C003C02B10D01423E36302F0C003C02B54
:1091700021D1CF291FD83E4B02F03F0253F82220C5
:109180003A4B53F82220BAE7CF29ECD8384B02F0FB
:109190003F0053F82000354B53F82030C3F303133E
:1091A000082BE0D8334850F823504A2905F114031E
:1091B000E363A1D9D9E74FF40043A4E7606A18B18B
:1091C000D4E91912FDF7F2FE626C616D136823EAAF
:1091D0000103136068E6284A934232D194F9313092
:1091E000012B14BFAF23102384F860300225DA214D
:1091F0002046FFF7C9FC29462046FFF7C5FC812120
:109200002046FFF7C1FC94F860102046FFF7BCFC35
:10921000D9212046FFF7B8FC94F93130012B14BF57
:10922000F12122212046FFF7AFFC204613490622F8
:10923000FFF716FDA06A70B1E16DFEF73DF9012060
:10924000E0E50F4A9342D1D194F93130012B14BF9C
:10925000CF23102359E6626C616D1368606A0B437B
:1092600013600028EBD0FDF7C3FEE8E7587F010844
:10927000187F01085C00002060001000687201087F
:109280004000200070B5002ABDF8105021DBB0F975
:109290000A4094421DDD0029BCBFC9180BB2B0F9C9
:1092A0000840B8BF0021CE18A642C4BF631A1BB243
:1092B000002B0EDDD61014FB0614C16A02F0070065
:1092C00001228240012D2144D2B20CD0022D01D0C6
:1092D00095B170BD0B449942FBD011F8010B504081
:1092E00001F8010CF7E70B449942F2D011F8010B99
:1092F000104301F8010CF7E7D243D2B20B44994274
:10930000E7D011F8010B104001F8010CF7E700005D
:10931000F0B50029BDF8145052DBB0F90870B9421D
:109320004EDA002ABCBF9B181BB2B0F90A40B8BF86
:109330000022D618A642C4BFA41A23B2002B3FDDD8
:10934000C2F3C40616FB0716C76A12F00702DBB2A7
:1093500007EB060419D0C2F10802D2B22E4993429B
:109360003CBF4FF0FF0CA2EB030E895C3CBF4CFAF4
:109370000EFC01EA0C01012D23D0022D2CD035B3B7
:1093800093421DD3B0F908100C449B1ADBB2072B93
:109390000ED9022D25D11A462178C9432170083AE9
:1093A000B0F90810D2B2072A0C44F5D803F007032D
:1093B00033B11A4A012DD35C22D0022D28D01DB31F
:1093C000F0BD17F806C041EA0C01B955D8E717F807
:1093D00006C02CEA0101F8E717F806C081EA0C0183
:1093E000F3E7291E18BF01214942C9B21A4621706C
:1093F000083AB0F90860D2B2072A3444F7D8D5E762
:10940000227813432370DBE7227822EA0303F9E78B
:1094100022785340F6E700BF6072010858720108D5
:1094200030B41446827EBDF80850022A0DD0032ABB
:1094300018D0012A11D10289121B013A14B20295E7
:109440000A46214630BCFFF763BF4289121B013A2E
:1094500014B202891944511A09B20295224630BC4D
:10946000FFF710BF42891944511A09B2E7E730B437
:109470001446827EBDF80850022A0DD0032A18D067
:10948000012A11D102891C44141B24B202950A46F8
:10949000214630BCFFF7F6BE0289521A013A11B2DA
:1094A00042891C44141B24B20295224630BCFFF7AB
:1094B0002FBF4289521A013A11B2E7E72DE9F04174
:1094C0000446806A00283CD0A16DFDF7F5FF5349A2
:1094D00004222046FFF7C4FBB4F90830402B3DD1ED
:1094E00020212046FFF750FB21891F312046C9B2B9
:1094F000FFF74AFBB4F90A202689D31DD4E90A05EF
:1095000048BF02F10E03DB1016FB03F615FA86F6D0
:10951000002842D094F93010FDF7E8FFA06A0368F4
:1095200040211B6898470127B542A06A1DD1FEF76C
:10953000AAF8A06A002864D0E16DBDE8F041FDF70B
:10954000BBBF606A18B1D4E91912FDF72FFD626C38
:10955000616D136823EA01031360B8E70021204618
:10956000FFF712FB21890139C0E7202F0CD1FEF74C
:109570008AF894F93010A06AFDF7B8FFA06A036872
:1095800040211B6898470127A06A15F8011B036852
:1095900001371B689847BFB2C6E7226C216D13687C
:1095A0000B431360B542C4D0606A15F8011B18B1B3
:1095B0000022FDF71EFDF5E7D4E90E234FF0080861
:1095C0008027D2F800C0D4F848E0394214BF4CEAF2
:1095D0000E0C2CEA0E0CC2F800C0D3F800C0E06CF0
:1095E0004CEA000CC3F800C0D3F800C0E06CB8F13E
:1095F00001082CEA000CC3F800C04FEA5707E0D17D
:10960000D0E7626C616D1368606A0B43136018B138
:10961000BDE8F041FDF7ECBCBDE8F08154720108F3
:10962000002202600281704708460BF03FBD0846E9
:1096300011460BF003BD084611460BF095BC000027
:109640002DE9F8430446254604301F460E46904651
:10965000FFF7E6FF124B45F8383B04F1B009284606
:109660000C35FFF7DDFF4D45F9D19DF8203084F82A
:10967000C4309DF8243084F8C5300A224FF4FA73C0
:10968000C4E932230023C4E92F87C4F8B860C4F8C2
:10969000D430C4F8B43084F8D0302046BDE8F88324
:1096A000247701082DE9F84F0446002594F8C420DA
:1096B000EBB29A4209D800274FF0010994F8C5305F
:1096C000FDB2AB420BD8BDE8F88F2268D4F8BC10CD
:1096D0001668C95C02222046B0470135E6E7D4F897
:1096E000C0102368495D1B68012220469847D4F8C2
:1096F000C0102368495D5B6800222046984709FA3C
:1097000005FA4FF000086FEA0A0B94F8C4202368AA
:109710005FFA88F6B24210D8D4F8C0105B68495D91
:10972000012220469847D4F8C0102368495D1B6881
:109730000022204698470137C0E7D4F8BC209B6838
:10974000915D2046984704EB8606336928B943EAC1
:109750000A03336108F10108D7E70BEA0303F8E7CE
:1097600010B500233C300C2202FB03F404598C4258
:1097700005D001330A2BF7D14FF0FF3010BD18464A
:10978000FCE790F8400070470C2303FB010310B482
:1097900090F8D04083F84020012283F84120D0F88F
:1097A000D42034B14AB141B990F838005DF8044B87
:1097B000104712B193F83800F8E75DF8044B704792
:1097C0000C2303FB010370B51646002283F84120E9
:1097D00093F8403004460D46032B0BD8DFE803F026
:1097E000020B1B1F36B10122FFF7CEFF0BF0D8FC96
:1097F000C4F8B00070BD0BF0D3FCD4F8B030C01A80
:10980000D4F8CC30984206D9022229462046BDE839
:109810007040FFF7B9BF002EECD10322F5E700221C
:10982000F3E72DE9F74F8146044600F17808024638
:109830004FF0FF3092F8401021B982F83810D06311
:1098400082F841100C324245F4D109F13803002668
:1098500000934FF00C0A99F8C420F5B2AA423FD801
:10986000002094F841300C34444540EA0300F8D11C
:1098700003B0BDE8F08F59F82B2015FB0101C24061
:1098800048460192FFF76CFF019A431C02F0010267
:1098900014D1BAB14FF0000C009B0AFB0CF29B5C98
:1098A000C3B9D9F8B8004A44405C82F83800D163A3
:1098B00082F840305FFA8CF1012200E0C1B24846E4
:1098C000FFF77EFF013799F8C510F8B28142D2D870
:1098D0000136C0E70CF1010CBCF10A0FDCD1F1E755
:1098E000002705F1040BEEE738B504460BF058FCF1
:1098F000D4F8B430C01AD4F8C83098420CD92046F5
:10990000FFF7D0FE2046FFF78CFF05460BF048FC22
:10991000C4F8B400284638BD0025FBE7012310B584
:1099200080F8D0300446FFF7DFFF48B194F84130AB
:1099300033B194F84030012B02D194F8380010BDB7
:10994000002084F8D000FAE77047000038B50F4BCC
:109950001A7805460AB9012038BD4FF47A73B3FB73
:10996000F2F30B4A1068B0FBF3F000F0E1FD04469F
:109970000028F0D10F2DEED8024629464FF0FF30D7
:1099800000F084FD034B20461D60E5E73600002013
:10999000A80000203800002010B5032000F064FD6E
:1099A0000020FFF7D3FF044618B9FFF7CDFF20468C
:1099B00010BD0124FBE70000034A044B11681B782B
:1099C0000B441360704700BF386D0620360000203E
:1099D000014B1868704700BF386D062038B5044643
:1099E000FFF7F6FF631C1CBF054B1B78054618BF2D
:1099F000E418FFF7EDFF431BA342FAD338BD00BFC5
:109A00003600002030B5CC0D04F004041430C1F34E
:109A10000451035907258D4023EA05038A40134367
:109A2000035130BD8068C0F38000704737B5002314
:109A300001930446002800F0BB80856D25B907F02E
:109A4000D7FCE56584F8545023689A68900041BFBC
:109A50009A6822F0204222F03F029A609A68D10070
:109A600040F185809A68D20000F19880A26D42F0A2
:109A70001002A265E26D42F00102E2650121184682
:109A8000FFF7D0FFA26D02F01002024340F08C807D
:109A9000A26D22F4817242F00202A2659A68D50793
:109AA0000AD4444A9268D00706D44348656882685D
:109AB00022F47C122A438260E568626B94F82000ED
:109AC0002A43A5682A43657E012842EA453242EAD4
:109AD000004202BF606A00F1FF3042EA4042A06AE1
:109AE00020B1E56A00F4707028430243DD68334812
:109AF00028401043D8609A68120720D494F8302088
:109B0000257ED868520042EA8532E56C20F4804018
:109B10002A4320F006000243DA6094F83820012A34
:109B20003ED1D4E90F2518692A436FF38A00024316
:109B3000606C0243A06C024342F001021A61226988
:109B4000012A05BF186BE2691A6B02F1FF3206BFEA
:109B500020F00F00024322F00F021A63A36D23F0DE
:109B6000030343F00103A365084603B030BD9A68C0
:109B7000134922F0104222F03F0242F080529A60D4
:109B8000104A1268B2FBF1F2013252000192019ABE
:109B9000002A3FF467AF019A013AF7E700216EE728
:109BA0001A6922F00102C9E7A36D43F01003A3650F
:109BB0000121D9E7000004500003045007C0F0FF62
:109BC000400D0300A8000020F8B54569082D0446A3
:109BD0000E460AD00368DB68D90705D5836D43F0CC
:109BE000200383650120F8BD0425FFF7F1FE074639
:109BF00023681A682A421DD0A26D42F40072A26541
:109C0000DA6812F4406F0FD1627E6AB91A681007E1
:109C10000AD5A26D22F48072A265A26DD1045EBF46
:109C2000A26D42F00102A265082DDA6817D11D600D
:109C30000020D8E7721CDCD0FFF7CAFEC01BB04280
:109C400001D8002ED4D123681B682B40D0D1A26D3F
:109C500084F8543042F00402A2650320C3E75204A2
:109C6000E6D40C221A60E3E70368186C7047000022
:109C7000F7B50023019390F85430012B05460E46AA
:109C800000F0A6810468012380F854302046FFF7D5
:109C9000C9FE002840F096814B68052B06D8023B90
:109CA000032B9ABFB34A32F813300623990932685E
:109CB00001F00C0104F1300703F01F0378584FF056
:109CC0001F0CC2F384629A400CFA03F320EA0303E8
:109CD0001A437A502046FFF7A5FEA26802F0080258
:109CE000024324D1B3683168B3F1004F5CD1204600
:109CF000FFF788FE636943F0004363613769E068FA
:109D00003368042F04F1600256D0716952F827C0FD
:109D1000C0F3C10040008140974803F0F8430CEACB
:109D200000001843014341F0004142F82710A368A6
:109D3000DF072ED4F7683368904AD4F8B01007F0E4
:109D4000180CC3F3120022FA0CF21A4021EA0001A7
:109D50000A43C4F8B0208A4A97421AD1002840F03A
:109D60008A809A0E013202F01F01012009294FEA70
:109D7000826201FA00F300F2A48002F0F842884007
:109D800002430B441B0543EA02012046B268FFF779
:109D900039FE31687B4B194240F0B580002000232A
:109DA00085F8543003B0F0BD1A462046FFF72AFE6E
:109DB000636923F00043A0E7216E216EC3F3120014
:109DC000C1F38461002839D1C3F38463994202BF8F
:109DD000236E23F000432366636E3368616EC3F322
:109DE0001200C1F3846100282FD1C3F38463994228
:109DF00002BF636E23F00043636693683368916823
:109E0000C3F31200C1F3846130BBC3F3846399428E
:109E100002BF936823F000439360D3683368D1682E
:109E2000C3F31200C1F38461E8B9C3F384639942B8
:109E300002BFD36823F00043D36078E793FAA3F31B
:109E4000002BC9D0B3FA83F3C0E793FAA3F3002B36
:109E5000D3D0B3FA83F3CAE793FAA3F3002BDCD091
:109E6000B3FA83F3D3E793FAA3F3002B3FF45FAF86
:109E7000B3FA83F3DBE793FAA3F232B1B2FA82F1D9
:109E8000481C00F01F00092825D893FAA3F193FA83
:109E9000A3F0B1FA81F1B0FA80F00131013093FA08
:109EA000A3F3B3FA83F3890600F01F000122013304
:109EB00001F0F841824003F01F030A4303EB430320
:109EC00060E7884002F0F842194402431E39090550
:109ED00041F0007357E7481C93FAA3F3B2FA82F1FA
:109EE000B3FA83F30131013301F01F01800601222F
:109EF00003F01F038A4000F0F84003EB43030243E2
:109F0000A3F11E01E3E7204B204E9A68B14202F014
:109F1000E0701DD116023FF541AF1D4A94427FF417
:109F20003DAF9A6822F0E072024342F400029A6068
:109F3000184B1A68184BB2FBF3F20C2302FB0333E5
:109F40000193019B002B3FF429AF019B013BF7E7F5
:109F5000124EB14224D1D1013FF520AF0C4A9442B8
:109F60007FF41CAF9A6822F0E072024342F08072E4
:109F70009A6013E73077010800F0FF03FFFF070046
:109F800000007F400000088000030450000052C71A
:109F900000000450A8000020400D0300000084CB06
:109FA0000C4EB1427FF4FAAE52023FF5F7AE0A4AC8
:109FB00094427FF4F3AE9A6822F0E072024342F4D6
:109FC0008002D5E7AA6D42F02002AA651846E6E6AF
:109FD0000220E7E60100008000000450806D704719
:109FE000036870B504461846FFF71CFD9A6802F036
:109FF0000802024301D1002070BDDA6892013AD50F
:10A00000208B40F20112904235D1274A19684E0642
:10A0100025D540221A6001211846FFF703FD50B1F3
:10A020009A68950707D49A6822F0004222F03F020E
:10A0300042F010029A6001291FD10425FFF7C8FCE5
:10A04000064623689B682B42D5D0FFF7C1FC801BD6
:10A050000528F6D923689B682B42F2D001E0013A2B
:10A06000D4D1A36D43F01003A365E36D43F0010366
:10A07000E3650120C0E70229CED19A6810070AD50E
:10A080009A68920707D49A6822F0004222F03F02B1
:10A0900042F020029A60022903D00329CDD10C2579
:10A0A000CCE70825CAE700BF010040A373B5002331
:10A0B000026801939368DD07044602D5002002B0D0
:10A0C00070BD9168204B194209D0A36D43F0100375
:10A0D000A365E36D43F00103E3650120EFE79368B7
:10A0E00023F0004323F03F0343F001039360174B39
:10A0F0009B68180219D4FFF76BFC154E05462268C1
:10A100001368DB07DAD49368D9075FBF93683340DD
:10A1100043F001039360FFF75BFC401B0228EED97C
:10A1200023681B68DA07EAD4CFE70A4B1A680A4BA0
:10A13000B2FBF3F20C2302FB03330193019B002BD0
:10A14000D9D0019B013BF8E73F0000800003045099
:10A15000C0FFFF7FA8000020400D030038B5044673
:10A160000068FFF75FFC0546002836D194F85430AC
:10A17000012B32D0012384F854302046FFF796FF9C
:10A1800040BBA36D23F4706323F0010343F4807399
:10A19000A365A36DDA0448BFE36D226852BFE06592
:10A1A00023F00603E3651C231360002384F8543076
:10A1B000D3689B0141BFA36D23F4405343F4805304
:10A1C000A365936823F0004323F03F0343F00403A7
:10A1D000936038BD84F85450FBE70220F9E7026829
:10A1E00038B5936891680446C80701D4002038BD8B
:10A1F0009907FBD4936803F00D03012B19D19368E1
:10A2000023F0004323F03F0343F002039360032352
:10A210001360FFF7DDFB054623689B68DB07E5D588
:10A22000FFF7D6FB401B0228F6D923689B68DA07A4
:10A23000F2D5A36D43F01003A365E36D43F0010372
:10A24000E3650120D3E7000038B50446002800F09C
:10A250009080836D43F0020383650321FFF7C0FE06
:10A260002268D36843F40013D360002878D0012516
:10A27000236841495A680A405A6040F2FF721A60E6
:10A280009A6822F0A0429A609A6842F000529A605E
:10A29000DA6802F08022DA60DA6842F00042DA60BE
:10A2A0001A690A401A615A6902F080425A619A6931
:10A2B00002F078429A611A6A02F0F0221A625A6A2F
:10A2C00002F0FF225A629A6A02F0FF229A62196B28
:10A2D0002A4A0A401A635A6B29490A405A639A6B00
:10A2E0000A409A63DA6B22F4FB6222F00702DA6317
:10A2F000196E244A11401966596E11405966996EBB
:10A3000011409966D96E0A40DA66D3F8A0201E493A
:10A310000A40C3F8A020D3F8A4200A40C3F8A42020
:10A32000D3F8B0200A40C3F8B020D3F8B42022F00C
:10A330007F12C3F8B420154B9B68DB0707D4144A7F
:10A3400093686FF318439360204607F073F8002377
:10A35000C4E91833E36584F85430A365284638BD52
:10A360002046FFF73CFF0546002880D10123A36566
:10A370007EE70125F2E700BF00F8FFFF300882E02A
:10A38000200882E000F0FF030000F8FF0000045006
:10A390000003045010B590F85430012B044619D036
:10A3A000012380F854300321FFF71AFE20B1012069
:10A3B000002384F8543010BD2046FFF710FF00281A
:10A3C000F5D1A36D23F4885323F0010343F0010377
:10A3D000A365EDE70220EEE737B50023019390F87F
:10A3E0005430012B04460D463CD0012380F85430F4
:10A3F000FFF7F5FEA36D90BB23F4885323F002030F
:10A40000226843F00203A365936823F0404323F0DE
:10A410003F0305F080452B4343F00043936093686E
:10A42000002B12DA019B01330193019BB3F5912FAD
:10A43000F5D3A36D23F0120343F01003A3650023AB
:10A4400084F85430012003B030BDA36D23F0030322
:10A4500043F00103A365002384F85430F3E743F08D
:10A460001003F7E70220EEE70749CA6822F4E0622A
:10A470000302120403F4E063120C134343F0BF63BE
:10A4800043F40033CB60704700ED00E0164B30B56D
:10A49000DC68C4F30224C4F10703251D042B28BF84
:10A4A0000423062D4FF0FF358CBF033C002405FA32
:10A4B00003F321EA0303A54022EA0502A340002892
:10A4C00043EA0203ACBF00F16040084A4FEA0313BD
:10A4D000B8BF00F00F00DBB2AABF00F56140135413
:10A4E00080F8003330BD00BF00ED00E014ED00E067
:10A4F000002807DB044A4109012300F01F008340C4
:10A5000042F82130704700BF00E100E000280CDB7A
:10A510004309064900F01F0020330122824041F820
:10A520002320BFF34F8FBFF36F8F704700E100E030
:10A530000138B0F1807F0BD24FF0E023054A58611B
:10A54000F02182F823100020072298611A617047D9
:10A550000120704700ED00E0002808DB43090449B2
:10A5600000F01F0001226033824041F82320704731
:10A5700000E100E0704708B5FFF7FCFF08BD704739
:10A5800010B5044608B9012010BD437F03F0FF0257
:10A5900013B90277FFF7F3FF022363772379E3B957
:10A5A0002368134A5A619A6822F018029A60627905
:10A5B0002368D2B94FF0FF321A619A68616922F0BC
:10A5C00060020A439A609A68A16922F080020A43F5
:10A5D0009A60012363770020D6E7D4E9021220466F
:10A5E00000F008F80028E2D0CDE72269E4E700BFD8
:10A5F000B71DC104CB0710B50BD51E2321FA03F4F8
:10A60000E40708D5102A18D0102A09D862B1082A00
:10A6100015D0012010E0013BF0D2102AF4D1F8E768
:10A62000182AF6D1062BF4D800684161836823F01C
:10A63000180313438360002010BD072BF3E70F2B93
:10A64000F1E710B5044668B1037903F0FF0213B9CE
:10A65000427106F049FE022323710020012320618C
:10A66000237110BD0120FCE710B5044640B1022360
:10A67000037106F091FE002020616071207110BD11
:10A680000120FCE730B54379012B02464FF0020070
:10A6900016D0136810711D6801F010040120A0404D
:10A6A0002843186069B9196801F03E01022903D1F5
:10A6B000596841F001015960012300201371507164
:10A6C00030BD1968002C01F478110CBF02204FF442
:10A6D00000308142F0D1596841F00201EBE710B53A
:10A6E00004680122236801F0100102FA01F123EA53
:10A6F000010323600271002010BD13B5006800241F
:10A700000194019041B9019908310A440192019ADA
:10A710000020136002B010BD01991431F5E700006C
:10A72000F8B54379012B04460E4615464FF002005A
:10A7300024D00123637120714B68042B3ED1FFF7B5
:10A7400047F90746DDB123685B6B002B75DB012001
:10A75000FFF744F92368F2695A641AE0FFF738F901
:10A76000C01B01280BD923685B6B1A0407D523692A
:10A7700043F008032361032323710320F8BD2368FA
:10A780005B6B1B04EAD40120FFF728F92368F26908
:10A790001A649A6C05F0100140F2FF30884022EAFA
:10A7A0000002306A884002439A64DA6CFF208840D5
:10A7B00022EA0002706A88400243DA647369226800
:10A7C000012B05F0100508D1916B1F23AB4021EA46
:10A7D0000301B369AB400B439363D16BF068B76877
:10A7E0000723AB4021EA0301736803433069034345
:10A7F000AB400B43D36313684FF48041A94023EA75
:10A8000001031360136840F6FE72AA4023EA0203B4
:10A81000AF401F433368B3F5004F19D147F40047E9
:10A8200023681F601A68C021A94022EA01021A6049
:10A830000020012323716071A0E7FFF7C9F8C01B56
:10A84000012880D923685B6B002BBFF67CAF8EE7B5
:10A8500013B927F40047E3E702F0D4FD014B984217
:10A86000F7D9DBE700B4C404034640B190F82520D3
:10A87000022A06D00422C263002280F8242001208C
:10A8800070470268116821F001011160116821F020
:10A890000E011160816C0A6822F480720A60D0E9AE
:10A8A000100202F01C0101228A404260D3E9132108
:10A8B00051605A6D32B1116821F480711160D3E991
:10A8C000162151600122002083F8252083F82400FE
:10A8D000704708B590F82530022B03D00423C363DA
:10A8E000012008BD03681A6822F001021A601A6884
:10A8F00022F00E021A60826C136823F480731360D6
:10A90000D0E9101303F01C02012393404B60D0E9FF
:10A9100013325A60436D33B11A6822F480721A60A0
:10A92000D0E916325A60012380F82530002380F8E0
:10A930002430836B03B198470020D2E790F82500BC
:10A9400070470000094A536943F4802310B55361EE
:10A95000EFF3108272B60023CC58C4500433B3F521
:10A96000007FF9D182F3108810BD00BF00200240A3
:10A97000064B5A69002ABFBF054A9A6002F1883225
:10A980009A60BABF5869C00F00207047002002408B
:10A9900023016745034A536943F000435361002094
:10A9A000704700BF0020024070B50546FFF710F861
:10A9B0000F4C06462369DA030AD423690D4A134073
:10A9C0000FD00D494A681A434A600120236170BDC7
:10A9D000691CEFD0FEF7FCFF801BA842EAD30320DE
:10A9E000F5E72369DB0744BF012323610020EEE77D
:10A9F00000200240FAC302003C0000202DE9F84389
:10AA0000254D99462B78012B04460F46904641D0A0
:10AA100001234CF250302B70FFF7C6FF064630BBC7
:10AA200068601E48026812F4806217BF03682A77C4
:10AA300023F4806303601CBF02232B77E4B94369CE
:10AA400043F001034361C7F80080BFF36F8F012417
:10AA5000C7F804904CF25030FFF7A6FF064624B129
:10AA60000E4A536923EA0403536100F055F80023AA
:10AA70002B703046BDE8F883631E012B08D8414691
:10AA80003846FFF75FFFA31E5C425C41A404E1E788
:10AA90000024DFE70226ECE73C0000200020024013
:10AAA0000D4B1A6A520211D5C10742BF5A6942F0D2
:10AAB00004025A61820703D55A6942F400425A617E
:10AAC000054A536943F48033536170475A6942F42D
:10AAD000004242F00402F2E7002002400D4B1A6AE5
:10AAE00012F4800F5A690FD122F400625A615A6938
:10AAF00060F3CA025A615A6942F002025A615A6905
:10AB000042F480325A617047C907EDD442F40062C2
:10AB1000ECE700BF002002401548037FDAB203F0E3
:10AB2000FD03012B10D1134B196821F4007119603A
:10AB3000196841F400611960196821F40061196015
:10AB4000196841F400711960931E012B0CD8094B50
:10AB50001A6842F480521A601A6822F480521A600D
:10AB60001A6842F480621A6000230377704700BFBE
:10AB70003C000020002002402DE9F843324D2B78A4
:10AB8000012B064688465CD001274CF250302F70CE
:10AB9000FFF70AFF044620BB2C4B68601A6812F4CA
:10ABA000007F1A6822D0510506D51A6822F4806207
:10ABB0001A6003232B7700E02F773368012B1FD116
:10ABC0007068FFF76DFF4CF25030FFF7EDFE1F4A43
:10ABD000536923F4004323F0040304465361FFF751
:10ABE0009BFF00232B702046BDE8F883520505D556
:10ABF0001A6822F480621A600223DBE72877DCE718
:10AC00004FF0FF33C8F80030B768DFF84090D6E95E
:10AC100002210A44BA42E2D971683846FFF75EFF62
:10AC20004CF25030FFF7C0FED9F81420084B1A4000
:10AC3000C9F8142018B1C8F800700446CFE70137EE
:10AC4000E5E70224CFE700BF3C00002000200240DF
:10AC500005F8FFFF2DE9F74FDFF8A091654C0023C1
:10AC60000A6832FA03F502D103B0BDE8F08F01257E
:10AC700005FA03F818EA020200F0AC804E680327D8
:10AC800006F003054FEA430E07FA0EFC6F1E012F74
:10AC90006FEA0C0C34D8876807EA0C0ACF6807FA09
:10ACA0000EF747EA0A078760476827EA0808C6F3ED
:10ACB00000179F4047EA08074760C76807EA0C0883
:10ACC0008F6807FA0EF747EA0807022DC76019D107
:10ACD0004FEAD30800EB880803F0070AD8F8207081
:10ACE0004FEA8A0A4FF00F0B0BFA0AFB27EA0B0B0D
:10ACF0000F6907FA0AF747EA0B07C8F8207001E066
:10AD0000032DDAD1076805FA0EF507EA0C073D4373
:10AD100016F4403F05605DD0D9F8605045F001055C
:10AD2000C9F86050D9F8605023F0030707F1804755
:10AD300005F0010507F58037019503F0030C019D2F
:10AD4000BD684FEA8C0C4FF00F0E0EFA0CFEB0F1FE
:10AD5000904F25EA0E0E3FD0274DA8423ED005F574
:10AD60008065A8423CD005F58065A8423AD005F53B
:10AD70008065A84238D005F58065A84236D005F533
:10AD80008065A84234D005F58065A84214BF082527
:10AD9000072505FA0CF545EA0E05BD60A568D74301
:10ADA00016F4801F0CBF3D401543A560E56816F4FE
:10ADB000001F0CBF3D401543E560656816F4003F79
:10ADC0000CBF3D40154365602568F60354BF3D4008
:10ADD00015432560013343E70025DAE70125D8E76D
:10ADE0000225D6E70325D4E70425D2E70525D0E7D9
:10ADF0000625CEE700040140000400480010024090
:10AE00000AB181617047816270470000044A51694C
:10AE1000014208B502D0506106F0F6FD08BD00BF42
:10AE20000004014003689A69910744BF00229A62B6
:10AE30009A69D2075EBF9A6942F001029A6170472F
:10AE400030B5039D04682B4343EA0243064A606819
:10AE5000C1F309010B4342EA555223F0004320EAB3
:10AE600002000343636030BDFF63FF03204B426B6E
:10AE70009A4270B501F001030DB201F0020420D036
:10AE80001C4EB2421DD01C4EB2421AD0002DC3F14E
:10AE90000003B4BFB822002203F0F203134314B13D
:10AEA00043F0F40308E0102902D143F0900303E0DB
:10AEB000202901D143F0200301680A6813430B6085
:10AEC00070BD002DC3F10003B4BFB822002203F00F
:10AED000F2031343002CE3D11029E6D0202902D13C
:10AEE00043F06003E8E7402908BF43F04003E3E78D
:10AEF0008DBB0008B1BE00084DBA000811F0010377
:10AF000007D090F8413003F02803282B14BFF22318
:10AF100042238A0709D590F8412002F02802282A06
:10AF20000CBF43F0440343F0F4030A0401680A68C9
:10AF300048BF43F0B80322EA03030B6070472DE9D2
:10AF4000F8430568AC6914F01004064688461746B5
:10AF500070D010230024EB61A1463568AB699806D8
:10AF600062D4B9F1000F34D044F004040120AB697D
:10AF7000D90541BF4FF48072EA6144F00104012019
:10AF80005A0541BF4FF4806244F00804EA61012091
:10AF90009B0551D54FF4007344F00204EB61304639
:10AFA000FFF740FF6B6823F0FF7323F48B3323F428
:10AFB000FF7323F001036B60736C234373642023DE
:10AFC00086F84130002386F8423086F84030012070
:10AFD00034E0B8F1FF3FC1D0FEF7FAFCC01B40459A
:10AFE00002D8B8F1000FB8D13368596896F84220FA
:10AFF00098690004D2B20AD5490408D4202A06D0A0
:10B000005A6842F480425A60FEF7E2FC0746336811
:10B010009B699D06A1D4FEF7DBFCC01B1928F6D95D
:10B0200020244FF0010998E7B9F1000F9CD12023AB
:10B03000EB6199E720469AE70028B0D1BDE8F88394
:10B040002DE9F041DDF8188004460F4616461D46EE
:10B0500023689B6937EA03030CBF01230023B34233
:10B0600001D0002025E0424629462046FFF767FF31
:10B07000F0B96B1CECD0FEF7ABFCA0EB0800A842CB
:10B0800001D8002DE4D123689B6937EA03030CBF84
:10B0900001230023B342DBD1636C43F020036364DC
:10B0A000202384F84130002384F8423084F8403073
:10B0B0000120BDE8F081C36AAA2B02D10023C3623C
:10B0C0007047C36AB3F52A4FFAD14FF00073F6E721
:10B0D000704710B5044600284ED090F8413003F078
:10B0E000FF021BB980F84020FFF7F2FF242384F809
:10B0F000413023681A6822F001021A60626822F067
:10B1000070621A619A6822F400429A60D4E90221BE
:10B11000012906D142F400429A605A6822F4006282
:10B1200007E042F4044202299A60F6D15A6842F4D8
:10B1300000625A605A6842F0007242F400425A605B
:10B14000DA6822F40042DA60D4E904210A43A169F2
:10B1500042EA0122DA60D4E907210A431A601A6838
:10B1600042F001021A6000202023606484F841301C
:10B17000206384F8420010BD0120FCE7704710B541
:10B18000044698B10268242380F84130136823F004
:10B1900001031360FFF7F2FF0020606484F84000B1
:10B1A00084F84100206384F8420010BD0120FCE7D0
:10B1B0002DE9FF471D460023039390F84130202BD3
:10B1C0000446174678D103689B6913F4004373D192
:10B1D00090F84020012A6FD00122C1F3090680F8BF
:10B1E000402046F00078242280F8412048F420587E
:10B1F0004364E3682268012B06BF46F0007343F402
:10B20000005343465360FEF7E3FB8146226893698F
:10B210009269C3F34013C2F3001213431CD0236896
:10B220009A6912F0100A37D1CDF800902B46524699
:10B2300020212046FFF704FF20B3636C042B04D1C8
:10B2400023682022DA61C4F844A0039B01330393EE
:10B25000039BBB42CDD309E06B1CD7D0FEF7B8FBF4
:10B26000A0EB0900A84201D8002DCFD1202384F8FB
:10B270004130636C43F020036364002384F8403062
:10B28000012006E022682023D36184F8413084F84D
:10B29000400004B0BDE8F0871022DA612021CDF82B
:10B2A00000902B4600222046FFF7CAFE0028CCD192
:10B2B00023682022DA61C8E70220EAE7F7B50446EE
:10B2C00090F84100089F20285BD194F840000128A5
:10B2D00057D0012084F84000212084F8410010203C
:10B2E00084F84200002060646385274BE762636353
:10B2F000638D62629BB2FF2B27F0007524D9FF207B
:10B3000020854FF080762DBB944622681CF8013BC7
:10B3100093620246608DC4F824C0013880B2531E87
:10B3200060852385236B112B04D1AA2F02D0B7F59A
:10B330002A4F11D12046FFF7BEFE638D9BB2FF2B33
:10B3400000D8E66A114B08E0608DE66A80B220857D
:10B350000028D8D10022E5E70023009333466DB9D9
:10B36000D2B220460025FFF76BFD204684F84050FE
:10B370000121FFF77BFD284603B0F0BD94F828209B
:10B38000EFE70220F8E700BF11B9000800200080B5
:10B39000F8B51F4690F8413003F02803282B0446E7
:10B3A0000E46154601D00120F8BD01B11AB94FF47F
:10B3B00000736364F7E748F20101FFF79FFD90F81F
:10B3C0004030012B40D0012380F8403090F84130CC
:10B3D0002A2B14D10221FFF791FD03681A6810048B
:10B3E0000DD51A68E06B22F400421A6038B1174B91
:10B3F0008363FFF76EFA10B1E06B836B98472923E4
:10B4000084F8413020682023002284F842306264AE
:10B41000436823F4004343606585638D2385E762B9
:10B420000B4B6363836981696662C90303D51B079C
:10B4300044BF0823C361204684F8402048F201013C
:10B44000FFF714FD0020AFE70220ADE7BDC0000804
:10B45000ABBF0008F8B51F4690F8413003F0280351
:10B46000282B04460E46154601D00120F8BD01B137
:10B470001AB94FF400736364F7E748F20201FFF76B
:10B480003DFD90F84030012B3FD090F84130012134
:10B49000292B80F8401013D1FFF730FD03681A689C
:10B4A00050040DD51A68A06B22F480421A6038B19E
:10B4B000174B8363FFF70DFA10B1A06B836B9847AE
:10B4C0002A2384F8413020682023002284F8423067
:10B4D0006264436823F4004343606585638D23857C
:10B4E000E7620C4B6363836981696662C90303D4B5
:10B4F0001B0744BF0823C361204684F8402048F25C
:10B500000201FFF7B3FC0020B0E70220AEE700BF66
:10B51000BDC00008ABBF000808B590F84120202A44
:10B520000AD1282280F84120044A42634FF40041A6
:10B53000FFF79CFC002008BD0220FCE7ABBF000821
:10B540000268436B9169126803B1184770477047EE
:10B55000704738B5002580F8425090F84130212BD3
:10B560004FF0200380F841300AD111230363456373
:10B570000121FFF7C3FC80F84050FFF7E8FF38BD1A
:10B580001223036345630221FFF7B8FC80F84050A3
:10B59000FFF7DEFFF3E708B503681A68002180F8BB
:10B5A0004210510415D51A6822F480421A6090F8AE
:10B5B0004130292B13D1282380F841302123036304
:10B5C0000121FFF79BFC002380F84030FCF70FFDC2
:10B5D00008BD1204EBD51A6822F40042E6E790F8A1
:10B5E00041302A2BF4D1282380F8413022230363F1
:10B5F0000221FFF783FC002380F84030FCF7E4FCD5
:10B60000E6E790F8412002F02802282AF8B50368FE
:10B6100034D19E69C2689D699968DF682D0C022A41
:10B62000C6F3004605F0FE051FD185EAD11515F0D9
:10B630000605C1F309020ED1816C01318164816C70
:10B64000022907D108218564D96180F8405031462C
:10B65000FCF76DFCF8BD4FF40041FFF74FFC0023F1
:10B6600080F8403007F0FE02F1E74FF40041FFF7A9
:10B6700045FC002380F840302A46E8E70822DA61DA
:10B68000002380F84030E5E708B5164BC36220225E
:10B6900000230363436380F8412080F842304B0766
:10B6A00012D503685A6A436A1A70436A01334362C7
:10B6B000038D4BB1013B0385438D013B9BB2438519
:10B6C000436C43F00403436448F20301FFF716FCA4
:10B6D00003681022DA61002380F84030FCF75FFC39
:10B6E00008BD00BF0000FFFF70477047704790F82B
:10B6F0004120602A08B54FF0000208D1202180F8CF
:10B70000411080F840200263FFF7F0FF08BD02639C
:10B7100080F84020FCF76FFCF8E7000070B50022CD
:10B720003D4D90F8413080F84220C5624285426C20
:10B73000283B0A43022B044642642AD80321FFF720
:10B74000DDFB282380F84130344BA06B6363236B0F
:10B75000002841D0112B01D0212B3DD123681A683C
:10B76000510442BF1A6822F480421A60FFF7E6F8DB
:10B7700001282CD0A06B2A4B8363002384F840302F
:10B78000FFF7A7F8002845D0A06B836BBDE8704099
:10B79000184748F20301FFF7B1FBFFF743FB90F8AE
:10B7A0004130602B11D0202380F8413003689A6922
:10B7B00095060AD59A69D00605D51022DA61626C21
:10B7C00042F0040262642022DA610023BDE72046D1
:10B7D000BDE87040FFF78BBFE06B0028F7D0122B5D
:10B7E00001D0222BF3D123681A68120442BF1A68D1
:10B7F00022F400421A60FFF7A1F80128E7D0E06BBD
:10B80000074B8363002384F84030FFF762F808B1E8
:10B81000E06BBAE770BD00BF0000FFFFABBF0008E0
:10B82000BDC0000873B505682023EB6190F8413076
:10B83000212B04460E4635D10121FFF75FFB112372
:10B8400023636B6823F0FF7323F48B3323F4FF73BC
:10B8500023F001036B6000236363F206A3F58033DA
:10B86000E36205D51023EB61636C43F0040363646A
:10B8700094F84130602B05D1730741BF6B6ADBB28E
:10B880000193019B2046FFF7CDFA636C94F84120A9
:10B89000602A00D07BB1616C204602B0BDE87040E8
:10B8A000FFF73CBF90F84130222BCAD10221FFF7AD
:10B8B00025FB1223C4E794F84120212A12D120222B
:10B8C00084F84120236394F8422084F84030402AD1
:10B8D00084F8423003D1FFF707FF02B070BDFFF7D5
:10B8E00036FEFAE794F84120222AF6D1202284F885
:10B8F0004120236394F8422084F84030402A84F8A1
:10B90000423002D1FFF7F1FEE7E7FFF721FEE4E75F
:10B9100073B590F84030012B04460D46164600F0F2
:10B9200093800123E90680F8403017D5F20615D53B
:10B9300003681022DA61436C43F004034364FFF7A9
:10B9400071FAAA0605D5B30603D529462046FFF7A6
:10B9500069FF002084F8400002B070BD6B0712D56B
:10B96000700710D523685A6A636A1A70636A25F0F3
:10B97000040501336362238D013B2385638D013B05
:10B980009BB26385DDE76906C5F380130DD4AA0772
:10B990000BD5B00709D5638D9BB2002BD1D0636A5C
:10B9A000226813F8011B9162E4E7290637D5720675
:10B9B000C7D5628D236892B22AB3208D18BB59680F
:10B9C000628D92B2FF2AC1F309010DD99B6913F46C
:10B9D000803F0CBFFF22012222854FF08073009030
:10B9E0002046FFF72DFAACE7628DE36A92B213F5B9
:10B9F000803F2285D2B202D0E36A0090F0E7009047
:10BA00004FF00073ECE75B689B0103D42046FFF71F
:10BA1000A0FD96E740212046FFF780FE91E7002B2E
:10BA20008FD070068DD5638D9BB2002BF2D1236829
:10BA30005A68910185D4E26A12F5803FE6D15A68CE
:10BA400042F480425A607CE7022085E737B590F8DF
:10BA50004030012B044600F09380012380F84030F1
:10BA6000CB0612D5D30610D503681022DA61436CD9
:10BA700043F0040343642021FFF7F8F9FFF7D2F9FC
:10BA8000002084F8400003B030BD880708D5930734
:10BA900006D52368226D9A624FF0FF332365EFE7E6
:10BAA00008063DD553063BD501212046FFF726FA6F
:10BAB0001021FFF7DBF9638D9BB2002B2CD0638D37
:10BAC0009BB2FF2B1ED923689B69E16C13F4803F66
:10BAD0000CBFFF2501252585002300932A464FF042
:10BAE000807389B2FFF7ACF9638D5B1B9BB26385F2
:10BAF00094F841202368222A1A6836D142F4004281
:10BB00001A60BDE7658DE16CADB225850023009319
:10BB1000EAB24FF00073E4E74021FFF7FFFDAFE723
:10BB2000480625D5530623D501212046FFF7E6F91F
:10BB30001021FFF79BF994F84110124A124B222969
:10BB400018BF1346628D92B2FF2A09D92268926902
:10BB5000E16C12F4803F0CBFFF2501252585BCE771
:10BB6000658DE16CADB22585D1E742F48042C7E72F
:10BB7000880685D5930683D52046FFF753FE7FE7D9
:10BB8000022080E7002000800024008073B590F838
:10BB90004030012B04467ED00123CD0680F8403092
:10BBA00012D5D30610D503681022DA61436C43F036
:10BBB000040343642021FFF759F9FFF733F900200C
:10BBC00084F8400002B070BD0E0647D5550645D535
:10BBD00025682B6823F040032B60638D9BB2002BFC
:10BBE00030D06968638D9BB2FF2BC1F309011FD967
:10BBF000AB69D8031AD5012323854FF08073002247
:10BC0000268D009294F828202046FFF719F9638DBD
:10BC10009B1B9BB2638594F84130222B2B680CBF91
:10BC200043F4004343F480432B60C8E7FF23E3E77A
:10BC3000638D2385E36A13F5803F14BFE36A4FF0F9
:10BC40000073DCE76B689A0103D42046FFF781FCA0
:10BC5000B5E740212046FFF761FDB0E74B0612D55E
:10BC6000560610D5638D9BB2002BF2D123685A681B
:10BC70009501A4D4E26A12F5803FE6D15A6842F4F5
:10BC800080425A609BE7880699D5930697D520464F
:10BC9000FFF7C8FD93E7022094E7036899691A68E3
:10BCA00010B4CC0508D5140606D5446C44F0010444
:10BCB00044644FF48074DC614C0508D5140606D545
:10BCC000446C44F0080444644FF48064DC618905EA
:10BCD00008D5120606D5426C42F0020242644FF4C7
:10BCE0000072DA61416C11F00B0F03D05DF8044B68
:10BCF000FFF714BD5DF8044B704700002DE9F041DB
:10BD00000568D5F80080C76A90F841302022213BB1
:10BD100004460E46EA61092B0CD8DFE803F0056BF8
:10BD20000B0B0B0B0B71056B48F20101FFF7E6F8EB
:10BD3000212323636B6843F400436B606B6823F03B
:10BD4000FF7323F48B3323F4FF7323F001036B6041
:10BD50002046FFF767F818F4804F57D02B6823F47C
:10BD600080432B60A36B1BB11B685B689BB2638530
:10BD700072070FD5636A6A6A1A70636A0133636275
:10BD8000238D26F004062BB1013B2385638D013BF7
:10BD90009BB26385638D9BB21BB1636C43F004035C
:10BDA0006364F30611D518F0100F0ED0638D9BB2AB
:10BDB000002B45D194F84130282B30D1B7F1007FCA
:10BDC0002DD131462046FFF75FFC002384F8423036
:10BDD000656C6363002D42D0616C2046FFF79EFCCA
:10BDE00094F84130282B4CD131462046BDE8F04133
:10BDF000FFF74ABC48F20201FFF780F8222398E7D8
:10BE000048F20301FFF77AF8002392E718F4004F95
:10BE1000AED02B6823F400432B60E36BA3E794F8C8
:10BE200041202368292A4FF01002DA61CDD117F59D
:10BE3000803FCAD02046FEF7F5FFFFF7ACFBC4E712
:10BE400023681022DA61636C43F00403636437F003
:10BE50008073BAD1616C2046FFF760FCB5E7E36AF6
:10BE600013F5803F0FD02046FFF795FB0F4BE362A1
:10BE7000202384F8413084F8405025632046FCF7A5
:10BE80008EF8BDE8F08194F8413084F84050222BC0
:10BE90004FF0200384F841302046256302D1FCF79F
:10BEA00093F8EEE7FCF7A3F8EBE700BF0000FFFF15
:10BEB00070B590F84060C56A012E04460B4672D0FA
:10BEC000012680F840608E0607D5960605D5FFF757
:10BED00015FF002084F8400070BDDE065BD5D0065B
:10BEE00059D5C2F3803002F4004252EA00014ED02C
:10BEF000E16BC9B122B10A685268B2FA82F2520902
:10BF0000A16B19B110B10968496809B1012A1ED1A4
:10BF100094F84120282A09D1B5F1007F06D11946AD
:10BF20002046FFF7B1FBD4E70A46E9E794F8412041
:10BF30002368292A4FF01002DA61CAD115F5803F33
:10BF4000C7D02046FEF76EFFFFF725FBC1E7236849
:10BF50001022DA61636C43F00403636494F84130A7
:10BF600035F08072DBB2B4D1213B092B08D8DFE871
:10BF700003F0050C070707070707050C21232363B8
:10BF8000616C2046FFF7CAFBA3E72223F7E723688B
:10BF90001022DA619DE719079BD5130799D5204632
:10BFA000FFF72FFB95E7022096E770B590F8406009
:10BFB000C56A012E04460B467ED0012680F84060FB
:10BFC0008E0607D5960605D5FFF798FE002084F863
:10BFD000400070BDD90630D5D6062ED5628D92B2FE
:10BFE000E2B994F84120282A07D1B5F1007F04D1A5
:10BFF00019462046FFF748FBE8E794F841202368FC
:10C00000292A4FF01002DA61E0D115F5803FDDD02A
:10C010002046FEF707FFFFF7BEFAD7E72368102296
:10C02000DA61636C43F00403636435F08073CDD14F
:10C03000616C2046FFF772FBC8E758071BD5510714
:10C0400019D5638D9BB26BB123685A6A636A1A7003
:10C05000636A01336362238D013B2385638D013B5A
:10C060009BB26385638D9BB2002BAFD115F5803FEA
:10C07000ACD02046CFE71E0705D5100703D52046D4
:10C08000FFF7BFFAA2E79907A0D593079ED5638D66
:10C090009BB26BB1636A226813F8011B9162636201
:10C0A000638D013B9BB26385238D013B23858DE727
:10C0B00035F080738AD1DCE702208AE7806A836BDF
:10C0C0000BB100229A63C36B0BB100229A63FFF796
:10C0D0000EBB90F841007047406C7047F7B50446BE
:10C0E000F0B190F8953403F0FF021BB980F8942466
:10C0F00007F058FF032384F895340023A3712068C8
:10C1000004F01AFC237C8DF80030251D95E80E0004
:10C11000206804F05DFB014630B1022384F89534B9
:10C120000125284603B0F0BD206804F00BFC002870
:10C13000F3D1267904F1140301270246C1B28E42DD
:10C1400003F1240321D8002104F515730A46C8B26F
:10C15000864203F1240326D8237C8DF8003095E82D
:10C160000E00206804F06AFC05460028D5D10123A2
:10C17000607484F89534237B012B02D1204600F0B3
:10C1800082FC206804F081FFCBE723F80A0C43E926
:10C19000072203F8237C03F8241C03F8202C43F81F
:10C1A000142C0130CAE743E9072203F8232C03F8D3
:10C1B000240C03F8202C43F8142C0131C7E710B5E8
:10C1C0000446006894F89434012B12D0012384F8BB
:10C1D0009434637B012B02BF836B43F4803383630E
:10C1E00004F0A4FB206804F042FF002084F89404CB
:10C1F00010BD0220FCE710B590F89424012A0446F3
:10C200000AD0012280F894244174006804F01FFFD2
:10C21000002084F8940410BD0220FCE770B50546A8
:10C22000242401F00F0011F0800F00FB04F414BF70
:10C2300004F1140104F5157105EB040615BF491945
:10C2400049190124002414BF747586F85542C2F3BD
:10C250000A028A604A7808700B7102B14883022B87
:10C2600004BF00234B7195F89434012B09D00123AE
:10C27000286885F8943404F091FC002085F8940433
:10C2800070BD0220FCE701F00F02242311F0800FA3
:10C2900002FB03F310B514BF03F1140103F515718C
:10C2A000044618BF091918440BBF091901230023BC
:10C2B000437508BF80F855320A7094F89434012B06
:10C2C00009D00123206884F8943404F0A7FC0020EE
:10C2D00084F8940410BD0220FCE770B501F00F0152
:10C2E00024244C430519002685F8541285F855621C
:10C2F00004F515710144C5E99823C5F86862006822
:10C3000004F0BEFD304670BD01F00F01242303FB95
:10C310000100D0F86802704770B501F00F012424C5
:10C320004C430519C5E908230123297500266B75BF
:10C3300004F114010144AE62006804F0A1FD30462E
:10C3400070BD38B5037901F00F05AB4204462AD31E
:10C3500011F0800F4FF024031CD06B4303F1140144
:10C360000344012201445A7501238B700D7094F827
:10C3700094249A4219D0206884F8943404F01CFD67
:10C3800025B9206804F29C4104F0CEFE002084F818
:10C39000940438BD4B4303F5157103440022014456
:10C3A00083F85522E0E70120F3E70220F1E738B5F2
:10C3B000037901F00F029342044625D3242311F0A0
:10C3C000800F02FB03F314BF03F1140103F5157191
:10C3D000184415BF09190919012300234FF000055E
:10C3E00014BF437580F855328D700A7094F89434F8
:10C3F000012B0BD00123206884F8943404F007FD4E
:10C4000084F89454284638BD0120FCE70220FAE75E
:10C4100001F00F03242253430A064CBF03F1140119
:10C4200003F515710144006804F04EBC2DE9F04F8E
:10C43000066887B00446304604F063FE0190002889
:10C4400040F06D81206804F02EFE002800F0678126
:10C45000D6F808382068C3F30D23C4F8D43404F0A8
:10C4600022FE2368820742BF5A6902F002025A6123
:10C47000184604F018FEC30606F500652DD522689F
:10C48000936923F010039361D6F8208008F4F01329
:10C49000B3F5802F08F00F0740F0448147F6F073A2
:10C4A00018EA030F14D0242303FB0747C8F30A1923
:10C4B000D7F860124A46304604F0A8FDD7F860323B
:10C4C0004B44C7F86032D7F868324B44C7F868323B
:10C4D0002268936943F010039361206804F0E3FD40
:10C4E000070300F13281206804F0DDFD40030CD524
:10C4F000206804F0E4FD2746029006F5106B4FF02B
:10C50000000A029B002B40F09D81206804F0CBFDC7
:10C51000002813DA6B6823F001036B6094F8CC34C5
:10C52000012B40F02382002184F8CC14204600F037
:10C53000BDFA2268536903F000435361206804F098
:10C54000B2FD03050AD5AB68DF0702D5204607F028
:10C5500085FD2268536903F400635361206804F089
:10C56000A2FD000114D523685A6902F000625A61E5
:10C5700094F8CC24002A40F0FD81012184F8CC14E9
:10C580005B6DC3F38303C4F8D034204600F08EFA09
:10C59000206804F088FDC10432D56B68206823F060
:10C5A00001036B60102104F0FDF9207906F510639A
:10C5B0004FF67F31019A904200F2E081EB6943F03F
:10C5C0000113EB61E37B002B00F0F081D5F88430A0
:10C5D00043F00B03C5F884306B6C43F00B036B64C2
:10C5E000D6F80038206823F4FE63C6F8003804F259
:10C5F0009C4104F099FD2268536903F48053536110
:10C60000206804F050FD820416D5206804F07DFDFA
:10C61000206804F0B9FAE071276800F0F3FEE279CF
:10C620000146384604F012F9204607F00AFD226858
:10C63000536903F400535361206804F034FD030789
:10C6400007D5204607F0F9FC2268536903F0080378
:10C650005361206804F027FD070600F1B2812068CD
:10C6600004F021FDC0020CD5A04606F51269012791
:10C670002379BB4200F2C4812268536903F480131A
:10C680005361206804F00FFD81022BD594F804E07B
:10C69000234606F532614FF0010CE6451DD993F8AB
:10C6A0007C720868012F40F0C181002880F2BE81B1
:10C6B000D4F8D42482EA1040C20700F1B78183F88D
:10C6C0007B72B06940F08000B0617069000600F1D3
:10C6D000AD816B6843F400736B602268536903F4A7
:10C6E00000135361206804F0DEFC410007D52046AA
:10C6F00007F0EEFC2268536903F080435361206821
:10C7000004F0D1FC42070AD523685D686B0702D5A7
:10C71000204607F0E1FC226853682B43536007B0C2
:10C72000BDE8F08FB3F5402F7FF4D2AE082204F2BB
:10C730009C41304604F06AFC242303FB0747C8F3FE
:10C740000A18D7F868324344C0E6206804F0AFFC0A
:10C7500006F530678146A3464FF0000AB9F1000F95
:10C760003FF4C1AE19F0010F5AD05FFA8AF3206886
:10C770000293194604F0ABFC10F0010F804610D074
:10C780000123BB602368AC49186C03F5306303EBED
:10C790004A1388429A684FD1110449D54FF4004298
:10C7A0009A6018F0080F13D00823BB602368A349D0
:10C7B000186C03F5306303EB4A1388429A6804D976
:10C7C000100444BF4FF400429A60204607F01EFC5C
:10C7D00018F0100F1CBF1023BB6018F0020F14D00C
:10C7E0007369190642BF6B6843F480636B609BF802
:10C7F0005732012B07D100238BF857325FFA8AF1A9
:10C80000204607F05DFC0223BB6018F0200F1CBF20
:10C810002023BB6018F4005F1CBF4FF40053BB60C3
:10C820000AF1010A4FEA590920370BF1240B95E769
:10C83000920644BF20229A605FFA8AF1204607F0F0
:10C84000EBFBAEE7029BDA0740F187805FFA8AF3E1
:10C8500020680593194604F043FC10F0010F804650
:10C860000FD06B6B01210AF00F0201FA02F223EAEA
:10C8700002036B632046CBF808105FFA8AF107F0D9
:10C88000D4FB18F0080F1CBF0823CBF8083018F0B1
:10C89000100F1CBF1023CBF8083018F0400F1CBF3E
:10C8A0004023CBF8083018F0020F10D05146304624
:10C8B00004F078F8FB7D012B06D10023FB755FFAAD
:10C8C0008AF1204607F000FC0223CBF8083018F06C
:10C8D000800F42D0D7E909329A423ED8A3EB020832
:10C8E000FB6921680391984528BF984601F51063BC
:10C8F00008F1030803EB4A134FEA98080493049BDA
:10C9000099697B6A89B2414525D393420BD8039B31
:10C910000AF00F00D3F834280121814022EA0102F5
:10C92000C3F8342819E0A3EB0209FB69059A396AB8
:10C930000398994528BF99461FFA89F304F090FAA5
:10C940003B6ABA6A09F103084B444A444FEA980823
:10C950003B62BA62D3E79342D9D9029B5B080AF1E2
:10C96000010A029324370BF1200BCAE5204607F099
:10C970008DFBDEE5204607F071FB09E699601A6839
:10C9800022F400121A60C3F80812D3F8002222F42D
:10C990000012C3F80022D3F8002242F00062C3F86C
:10C9A0000022019A01320192203303E66B6943F4BD
:10C9B000005343F02B036B612B6943F00B032B6196
:10C9C0000EE6B36923F08003B361207906F5326384
:10C9D000012204F257274FF0240C90427FF63FAE1D
:10C9E0000CFB02F1795C012907D1196841F0006163
:10C9F0001960196841F08041196001322033ECE779
:10CA000098F83C30D9F80020012B09D1002A07DA28
:10CA100067F07F0188F83B30C9B22046FFF7F8FC89
:10CA2000013708F1240809F1200921E60CF1010C75
:10CA30002433203131E600BF0A31544F0A30544FBD
:10CA4000006870B5436A120419B913438362002069
:10CA500070BD846A4E1E03EB14430024B44205D318
:10CA60003F3100EB810013434360F0E704F14005E0
:10CA700000EB850501346D6803EB1543EEE70368B1
:10CA8000002059627047034601210268C0F8D8149B
:10CA9000002083F8CC04936943F000639361536DE5
:10CAA00043F0805343F00303536570477047000021
:10CAB000024A136843F480731360704700700040AB
:10CAC000064B186800F4C060B0F5806F1EBFD3F845
:10CAD0008000C0F300204002704700BF007000409B
:10CAE000284B1A6818BB02F4C062B2F5806FD3F805
:10CAF000802022F48072C3F8802040D11A6822F48A
:10CB0000C06242F400721A601F4A126832214A431E
:10CB10001E49B2FBF1F201325969490500D522B92B
:10CB20005B6958052BD503207047013AF4E7B0F54F
:10CB3000007F1FD102F4C062B2F5806FD3F880206D
:10CB400042F48072C3F8802019D11A6822F4C062BE
:10CB500042F400721A600C4A126832214A430B49AF
:10CB6000B2FBF1F2013259694905D9D5002AD7D073
:10CB7000013AF8E722F4C06242F480621A600020B1
:10CB8000704700BF00700040A800002040420F0026
:10CB9000024A536843F4806353607047007000405A
:10CBA000024A536843F400735360704700700040BA
:10CBB00037B51C4DAB6DDA00044618D5FFF780FF82
:10CBC000B0F5007F23D1802C28D9A02C8CBF022463
:10CBD000012415490A6822F00F0222430A600868FE
:10CBE00000F00F00001B18BF012003B030BDAB6D7B
:10CBF00043F08053AB65AB6D03F080530193019B11
:10CC0000FFF75EFFAB6D23F08053AB65D8E77F2C59
:10CC100006D8A4F170035C425C41DAE70024D8E74F
:10CC20000224D6E70010024000200240204B9A6800
:10CC3000D96812F00C0205D00C2A2CD101F00301A6
:10CC400001292FD119681B48090755BFD3F8941043
:10CC50001968C1F30321C1F3031150F8210032B365
:10CC6000DA6802F00302022A1ED01349032A08BF21
:10CC70000846D968DA68C2F306224243D868C0F38E
:10CC80004160C1F30311013001314000B2FBF1F208
:10CC9000B2FBF0F07047042A08D0082A064818BFF3
:10CCA000002070470020DBE70448E2E703487047B4
:10CCB00000100240F877010800127A000024F40006
:10CCC0002DE9F7430546002860D0954C0368A66817
:10CCD000E768DB0606F00C0607F0030776D51EB101
:10CCE0000C2E55D1012F53D12368980702D5AB697B
:10CCF000002B4BD02368286A190756BFD4F894300C
:10CD000023681B0903F0F003984229D9FFF750FF6D
:10CD100000283BD1236843F00803236023682A6A74
:10CD200023F0F003134323606368EA6923F47F432D
:10CD300043EA02236360FFF779FFA368794AC3F3EC
:10CD40000313D35C03F01F03D840774B1860774B75
:10CD50001868FCF7FBFD002838D003B0BDE8F0836D
:10CD6000236843F008032360236823F0F0030343A0
:10CD700023606368EA6923F47F4343EA0223636024
:10CD8000002ED8D1FFF714FF0028D4D00120E4E70B
:10CD9000AB69002B3AD0236843F001032360FCF712
:10CDA00017FE804623689A0728D5236843F00803B6
:10CDB000236023682A6A23F0F00313432360636827
:10CDC000EA6923F47F4343EA022363602B68D807B0
:10CDD0002DD42B6899076BD42B68180700F1A88015
:10CDE0002B68590700F1CE802B689F0600F1378130
:10CDF000AB6A002B40F05D810020AEE7FCF7E8FD58
:10CE0000A0EB08000228CDD90320A6E7236823F071
:10CE100001032360FCF7DCFD804623689B07D5D522
:10CE2000FCF7D6FDA0EB08000228F6D9ECE7082EA7
:10CE300003D00C2E08D1032F06D123689A03C8D53E
:10CE40006B68002BC5D1A1E76B68B3F5803F10D1AB
:10CE5000236843F480332360FCF7BAFD80462368DF
:10CE60009B03B6D4FCF7B4FDA0EB08006428F6D908
:10CE7000CAE7B3F5A02F04D1236843F480232360CD
:10CE8000E6E7226822F480322260226822F48022BF
:10CE90002260002BE0D1FCF79BFD804623689803BD
:10CEA00097D5FCF795FDA0EB08006428F6D9ABE711
:10CEB000042E03D00C2E10D1022F0ED12368590559
:10CEC00003D5EB68002B3FF461AF63682A6923F058
:10CED000FE4343EA026363607EE7EB687BB123684D
:10CEE00043F480732360FCF773FD074623685A05FB
:10CEF000EBD4FCF76DFDC01B0228F7D984E723684B
:10CF000023F480732360FCF763FD074623685B0509
:10CF10007FF562AFFCF75CFDC01B0228F6D973E712
:10CF20000010024030780108A800002038000020DE
:10CF30006B699BB1D4F8943043F00103C4F894308A
:10CF4000FCF746FD0746D4F894309A073FF548AF02
:10CF5000FCF73EFDC01B0228F5D955E7D4F8943004
:10CF600023F00103C4F89430FCF732FD0746D4F8EF
:10CF700094309B077FF534AFFCF72AFDC01B0228D5
:10CF8000F5D941E7A36DDF0029D4A36D43F08053A9
:10CF9000A365A36D03F080530193019B4FF001083B
:10CFA000974F3B68D8051DD5AB68012B2BD1D4F822
:10CFB000903043F00103C4F89030FCF709FD41F2D2
:10CFC00088390746D4F890309A0742D5B8F1000F57
:10CFD0003FF40AAFA36D23F08053A36504E74FF03D
:10CFE0000008DDE73B6843F480733B60FCF7F0FC2E
:10CFF00081463B68D905D7D4FCF7EAFCA0EB0900D1
:10D000000228F6D900E7052B06D1D4F8903043F07A
:10D010000403C4F89030CAE7D4F8902022F001024B
:10D02000C4F89020D4F8902022F00402C4F8902094
:10D03000002BC2D1FCF7CCFC41F288390746D4F86A
:10D0400090309B07C2D5FCF7C3FCC01B4845F6D9FE
:10D05000DAE6FCF7BDFCC01B4845B3D9D4E66B6AE1
:10D060009BB1D4F8983043F00103C4F89830FCF732
:10D07000AFFC0746D4F8983098073FF5B9AEFCF7F7
:10D08000A7FCC01B0228F5D9BEE6D4F8983023F0DF
:10D090000103C4F89830FCF79BFC0746D4F898309D
:10D0A00099077FF5A5AEFCF793FCC01B0228F5D9C4
:10D0B000AAE6022B40F08C80E368EA6A03F00301E1
:10D0C000914222D1296B03F0F0020139B2EB011F2A
:10D0D0001BD1696B03F4FE42B2EB012F15D1A96B92
:10D0E00003F07842B2EBC16F0FD1EA6B520803F440
:10D0F000C001013AB1EB425F07D12A6C520803F03C
:10D10000C063013AB3EB426F49D00C2E3FF43EAE00
:10D1100023685A013FF53AAE2368DB003FF536AE8F
:10D12000236823F080732360FCF752FC06462368D3
:10D130009F012ED4E268334B1340EA6A13436A6BB3
:10D1400043EA0223AA6B43EAC2632A6B013A43EA29
:10D150000213EA6B5208013A43EA42532A6C52081E
:10D16000013A43EA4263E360236843F0807323603B
:10D17000E36843F08073E360FCF72AFC054623680C
:10D1800098013FF539AEFCF723FC401B0228F6D985
:10D190003AE6FCF71DFC801B0228C8D934E6236858
:10D1A00099013FF529AE236843F080732360E3685B
:10D1B00043F08073E360FCF70BFC054623689A019B
:10D1C0003FF51AAEFCF704FC401B0228F6D91BE61B
:10D1D0000C2E3FF4DBAD236823F080732360FCF753
:10D1E000F7FB054623689B0104D4E268064B134015
:10D1F000E36001E6FCF7ECFB401B0228F2D903E6F2
:10D20000007000400C809D01FCFFEEFE2DE9F8430C
:10D210000E46054610B90120BDE8F883704A136830
:10D2200003F00F038B4243D329688F074BD4CC07FD
:10D2300076D56F686B4C032F236840F0A58098016A
:10D24000E9D5E36803F00303022B49D0032B49D04F
:10D25000012B49D12368644A190755BFD4F894308B
:10D260002368C3F30323C3F3031352F82320E168B5
:10D27000E368C3F306235343E268C2F34162C1F398
:10D280000311013252000131B3FBF1F3B3FBF2F3AE
:10D29000564A93422AD9A36813F0F00F26D1A36807
:10D2A00023F0F00343F08003A3604FF080081FE0F9
:10D2B000136823F00F030B431360136803F00F038D
:10D2C0008B42A8D1B0E7474AA868936803F0F003FF
:10D2D000984281BF936823F0F00303439360A6E76D
:10D2E000434AC4E7434AC2E70022C0E74FF00008C0
:10D2F000A36823F003033B43A360FCF769FB41F2FF
:10D3000088390746A3686A6803F00C03B3EB820F01
:10D310004CD1B8F1000F03D0A36823F0F003A36051
:10D3200029688A070BD52F4AA868936803F0F00391
:10D3300098423FBF936823F0F00303439360284A69
:10D34000136803F00F03B34237D811F0040F254CD4
:10D350003FD10B0706D5A3682A6923F4605343EA3B
:10D36000C203A360FFF762FCA368234AC3F303135D
:10D37000D35C03F01F03D840204B1860204B186883
:10D38000BDE8F843FCF7E2BA022F08D113F4003FDE
:10D390003FF441AFFFF74AFC144B98427AE717B9C4
:10D3A00013F0020FF4E713F4806FF1E7FCF710FBC2
:10D3B000C01B4845A6D903202EE7136823F00F03AE
:10D3C00033431360136803F00F03B3427FF423AFBA
:10D3D000BBE7A368EA6823F4E0631343A360B8E7FC
:10D3E0000020024000100240F877010800B4C40495
:10D3F0000024F40000127A0030780108A800002010
:10D4000038000020014B1868704700BFA8000020BA
:10D41000054B064A9B68C3F30223D35C044A106899
:10D4200003F01F03D840704700100240287801081D
:10D43000A8000020054B064A9B68C3F3C223D35CB7
:10D44000044A106803F01F03D840704700100240E0
:10D4500028780108A80000200F2303600B4B9A686E
:10D4600002F0030242609A6802F0F00282609A6859
:10D4700002F4E062C2609B68DB0803F4E0630361CE
:10D48000034B1B6803F00F030B6070470010024052
:10D49000002002403B4BB0F5006FD3F89C2006D132
:10D4A00002F0E002602A28D14BF68030704702F487
:10D4B000E062B2F5407FF7D0B2F5007F46D1186840
:10D4C00010F0007021D0D86810F480301DD0D868DA
:10D4D000C0F303100130B1FBF0F0D968DA68D20E66
:10D4E000C1F3062105D1DB6813F4003F0CBF07220E
:10D4F00011224843B0FBF2F07047402ADFD03AB324
:10D50000802A06D0202A0BD000207047B2F5806F09
:10D5100034D11B681C4813F4806F08BF002070478B
:10D52000186810F00050F0D0586910F48030ECD03A
:10D530005869C0F303100130B1FBF0F059695A6922
:10D54000D20EC1F30621D4D15B69CDE7002ADDD12B
:10D55000186810F00060D8D0186910F48030D4D06A
:10D560001869C0F303100130B1FBF0F019691A69B2
:10D57000D20EC1F30621BCD11B69B5E7B2F5807F9D
:10D58000C1E700BF001002400024F400F8B53B4C96
:10D59000E3689B0705460E46006822D0E36803F067
:10D5A0000303834230D17BB3236823F0806323607D
:10D5B000FCF70EFA074623681A012ED46A68A86899
:10D5C000013A000212017EB3012E266945D12B6972
:10D5D0005B08591E2A4B33400343134343EA41532C
:10D5E0002AE002280CD0032810D001280CD123688F
:10D5F0009F0718D5E36823F003030343E360D3E7F1
:10D60000236813F4806FF5D101200CE0236899039F
:10D61000F0D4236813F4802FF5E7FCF7D9F9C01B89
:10D620000228C8D90320F8BD2669EB68154940EAED
:10D63000C36331400B4313432361236843F080638A
:10D640002360FCF7C5F9064623681B010FD5236943
:10D65000AA69134323610020E5E76B695B08591E43
:10D66000094B33400343134343EA4163E4E7FCF7C8
:10D67000AFF9801B0228E7D9D4E700BF00100240B1
:10D680000F809FFF0F80FF070F80FFF970B52F4CB1
:10D69000E3689B070546006826D0E36803F00303B0
:10D6A000834234D1002B32D0236823F0805323608F
:10D6B000FCF78EF9064623689A0031D4D5E9022397
:10D6C000DB06616943EA0223214A0A4013436A6880
:10D6D000013A43EA02136361236843F080532360F5
:10D6E000FCF776F9064627E002280CD0032810D074
:10D6F00001280CD123689E0718D5E36823F00303A3
:10D700000343E360D0E7236813F4806FF5D1012071
:10D710000CE023689903F0D4236813F4802FF5E715
:10D72000FCF756F9801B0228C5D9032070BDFCF711
:10D730004FF9801B0228F8D823689B00F7D563694E
:10D74000AA69134363610020F0E700BF00100240A4
:10D750000F80FF0703681B052DE9F347044627D513
:10D76000C16E402926D016D851B320292FD00125CB
:10D770002368DF040DD5216FB1F5007F00F08081B3
:10D780002CD8002900F08281B1F5807F00F08381E0
:10D7900001252F4635E0602901D08029E7D10E4AC6
:10D7A000E16ED2F89C3023F0E0030B43C2F89C30CA
:10D7B0000025DDE7084AD36843F48033D360EEE701
:10D7C0000430FFF7E3FE05460028D1D1E7E720301B
:10D7D000FFF75CFFF7E700BF00100240B1F5407FA4
:10D7E00002D0B1F5806FD3D12F46002F40F0588181
:10D7F000B24A216FD2F89C3023F4E0630B43C2F8A5
:10D800009C3023689E0338D5AC4EB36DD80000F130
:10D810004981B36D43F08053B365B36D03F080531A
:10D820000193019B4FF00108DFF89492D9F8003082
:10D8300043F48073C9F80030FCF7CAF88246D9F87F
:10D840000030D90540F131817FB9D6F8903013F41A
:10D85000407340F03781D6F89030D4F8902023F40C
:10D8600040731343C6F890302F46B8F1000F03D031
:10D87000B36D23F08053B3653D462368DE0708D5BA
:10D880008E49E06BD1F8882022F003020243C1F8F0
:10D890008820980708D58949206CD1F8882022F083
:10D8A0000C020243C1F88820590708D58349606CEF
:10D8B000D1F8882022F030020243C1F888201A07EC
:10D8C00008D57E49A06CD1F8882022F0C00202431E
:10D8D000C1F88820DF0608D57849E06CD1F88820A7
:10D8E00022F440720243C1F888209E0608D573498D
:10D8F000206DD1F8882022F440620243C1F88820CC
:10D90000980508D56D49606ED1F8882022F4402230
:10D910000243C1F88820590508D56849A06ED1F89E
:10D92000882022F440120243C1F888205A0608D504
:10D930006249606DD1F8882022F440520243C1F858
:10D9400088201F0608D55D49A06DD1F8882022F4F3
:10D9500040420243C1F88820DE0508D55749E06DF2
:10D96000D1F8882022F440320243C1F88820D8023E
:10D9700008D55249206ED1F89C2022F003020243C0
:10D98000C1F89C20990410D54C4A616FD2F88830B8
:10D9900023F040630B43B1F1006FC2F8883040F0D0
:10D9A000BB80D36843F48013D3602E4623681A03E8
:10D9B0000FD5A16F414BB1F5804FD3F89C2040F0BB
:10D9C000B88042F48042C3F89C20DA6842F4803286
:10D9D000DA60374623685B0310D5384AE16FD2F826
:10D9E000883023F040630B43B1F1006FC2F88830F8
:10D9F00040F0B180D36843F48013D3603D46236880
:10DA00005E040DD52D49D4F88020D1F8883023F05C
:10DA100040531343B2F1805FC1F8883000F0A88012
:10DA200028462268D50309D52449D4F88450D1F872
:10DA30009C3023F004032B43C1F89C30910209D59C
:10DA40001E49D4F88850D1F89C3023F018032B439A
:10DA5000C1F89C30D30110D5184AD4F88C10D2F8F4
:10DA60009C3023F440130B43B1F5001FC2F89C30E7
:10DA700003D1D36843F48013D36002B0BDE8F087CC
:10DA80000E4AD36843F48033D360ADE6201DFFF720
:10DA90007DFD0746A9E604F12000FFF7F7FDF8E752
:10DAA0003D46AEE64FF00008BEE6FBF791FFA0EB67
:10DAB0000A0002287FF6C3AE0327D6E60010024014
:10DAC00000700040D4F8902093423FF4C4AED6F8E2
:10DAD0009020D6F8903043F48033C6F89030D6F8D2
:10DAE000903022F4407123F48033D207C6F890308E
:10DAF000C6F890107FF5AFAEFBF76AFF41F28839A8
:10DB00000746D6F890309B073FF5A5AEFBF760FFC0
:10DB1000C01B4845F5D9CFE7B1F1806F7FF445AF21
:10DB20000121201DFFF732FD064600283FF43DAFDE
:10DB30003CE722F48042C3F89C20D3F8882022F0EE
:10DB400040620A43B1F1006FC3F8882018D1DA6847
:10DB500042F480123CE7B1F1806F7FF44FAF0121B6
:10DB6000201DFFF713FD054600283FF447AF46E7A9
:10DB70000221201DFFF70AFD00283FF451AF50E7B6
:10DB8000B1F1806F7FF425AF0121201DFFF7FEFC6E
:10DB9000074600283FF41DAF1CE700BFB0F5003F6B
:10DBA0009C4B19D1D3F8902002F44072B2F5007F5B
:10DBB0007ED0B2F5407F08D0B2F5807F51D1D3F846
:10DBC0009000C0F34000C00370471B68924813F4F4
:10DBD000003F08BF00207047DA6802F00302022A03
:10DBE0002ED0032A33D0012A36D1196811F0020150
:10DBF0000DD01A6811074CBF1A68D3F894208749D2
:10DC00004CBFC2F30312C2F3032251F82210B0F545
:10DC1000806F00F0B78153D8202800F0578122D8B8
:10DC200008281BD8F0B1013807281AD8DFE810F00F
:10DC300016012401190031011900190019003A01D7
:10DC40001A68774912F4806F08BF0021DFE71A686D
:10DC5000744912F4003FF7E70021D8E7102800F0DC
:10DC60002A8100207047B0F5807F00F07E810FD8B8
:10DC7000402800F06D818028F3D1D3F8882002F489
:10DC80004042B2F5804F00F03781B2F5004F68E1B5
:10DC9000B0F5007FE5D1D3F8882002F44022B2F538
:10DCA000002F00F07B8100F26A81002A00F0ED80F5
:10DCB000D3F8943013F0020F18BF4FF4FA4088E7FE
:10DCC000B0F5802F3ED018D8B0F5005F3AD007D815
:10DCD000B0F5006F02D0B0F5805FC2D1FFF7DABBBC
:10DCE000B0F5804F00F0FD80B0F5803FB9D1D3F89A
:10DCF0009C30580700F10081BCE0B0F5001F00F037
:10DD000018810ED8B0F5002F3DD0B0F5801FA8D1F6
:10DD1000D3F89C2002F00302012A00F0ED80022AD1
:10DD20001FE1B0F1807F9CD1D3F89C2002F4401217
:10DD3000B2F5801F5AD0B2F5001F4ED0002A00F075
:10DD4000DB808EE7D3F8882002F04062B2F1006FEA
:10DD500008D047D8002A69D1D3F89830324813F058
:10DD6000020F36E7186810F000703FF47BAFD868F8
:10DD700010F480103FF476AFD868DA68DB68C0F33F
:10DD80000620484362E0D3F89C2052041ED5186850
:10DD900010F000703FF466AFDA68D0037FF561AF32
:10DDA000D868DA68C0F30620C2F303120132484390
:10DDB000B0FBF2F0DA68D20E05D1DB6813F4003F55
:10DDC0000CBF07221122B0FBF2F07047D3F8882075
:10DDD00002F04062B2F1006FBBD11A6892017FF588
:10DDE00040AFC4E7B2F1406F7FF43BAF186810F06A
:10DDF00002003FF437AF1A6811074CBF1B68D3F815
:10DE00009430064A4CBFC3F30313C3F3032352F801
:10DE1000230070470010024090D00300F8770108FB
:10DE20000024F40000127A00006CDC02186810F084
:10DE300000603FF417AF186910F480103FF412AF80
:10DE400018691A691B69C0F306204843C2F303121C
:10DE50000132C3F34153B0FBF2F065E0D3F8882000
:10DE600002F00302022A00F09980032A3FF4A7AED1
:10DE7000012A41D0FFF7DEBAD3F8882002F00C0265
:10DE8000082A00F08B8002D8B2BBFFF7C1BA0C2A77
:10DE900094E6D3F8882002F03002202A7ED0F3D90D
:10DEA000302A8BE6D3F8882002F0C002802A75D091
:10DEB000EAD9C02A82E6D3F8882002F44072B2F58B
:10DEC000007F6BD0E0D9B2F5407F77E6D3F88820A9
:10DED00002F44062B2F5006F60D0D5D9B2F5406F60
:10DEE0006CE6D3F8882002F04052B2F1805F05D092
:10DEF000B2F1405F7FF4B5AEFEF798BE186810F03F
:10DF000000603FF4AFAE1A69D2017FF5AAAE18697E
:10DF10001A691B69C0F30620C2F30312C3F34163FD
:10DF200048430132B0FBF2F001335B00B0FBF3F089
:10DF30007047D3F89C2002F01802082A2ED0102A2D
:10DF40003FF454AF002A7FF48CAE4FF40060C5E676
:10DF5000D3F8882002F44052B2F5805FCCD0B2F5FD
:10DF6000005F1BD0002A90D07BE6D3F8882002F413
:10DF70004032B2F5803FBFD0B2F5003FF1E7B2F5D5
:10DF8000402F1BE6D3F8882002F44012B2F5001FA0
:10DF900004D07FF68AAEB2F5401F0FE61B68024838
:10DFA00013F4806F15E600BF0024F400024A1368E2
:10DFB00043F004031360704700100240704770B5CF
:10DFC0000446002863D0436A002B59D14268B2F559
:10DFD000827F00D0C3610023A36294F85D3003F018
:10DFE000FF0223B984F85C202046FFF7E7FF206892
:10DFF000E168022384F85D300368B1F5E06F23F037
:10E00000400303604FF000033ED91D46B1F5706F29
:10E0100018BFA362A6686368A26906F4044603F405
:10E0200082733343266906F002063343666906F0BD
:10E030000106334302F400763343E66906F03806FE
:10E040003343266A06F080063343A66A06F4005678
:10E0500033430360666B636A06F0080603F010033F
:10E06000334301F47061120C0B4302F004021343BA
:10E070002B43436000200123206684F85D3070BD8F
:10E080000023C0E90433A6E74FF48055C0E7012020
:10E09000F5E70000036A026A22F0010270B502622D
:10E0A000456882690C6822F4803222F073022243B0
:10E0B0008C6823F002032343134CA0420FD004F5D5
:10E0C0000064A0420BD004F54064A04207D004F5E0
:10E0D0008064A04203D004F58064A0420DD1046A9C
:10E0E00024F004040462CC6823F008032343D1E93C
:10E0F000054625F4407534432543456082614A68EE
:10E100004263036270BD00BF002C0140036A026AD3
:10E1100022F4807270B502624568C2690C6822F40C
:10E12000803222F0730222438C6823F4007343EAA6
:10E130000423154CA0420FD004F50064A0420BD07C
:10E1400004F54064A04211D1D1E9054625F44055BB
:10E15000344345EA041510E0046A24F48064046240
:10E16000CC6823F4006343EA0423EDE7074CA042A4
:10E17000EAD004F58064A042E6D04560C2614A68F6
:10E18000C263036270BD00BF002C01400044014027
:10E19000036A026A22F4805230B502624468C2699E
:10E1A0000D6822F0807222F4E64242EA05228D6870
:10E1B00023F4005343EA05330E4DA8420FD005F572
:10E1C0000065A8420BD005F54065A84207D005F5CB
:10E1D0008065A84203D005F58065A84204D14D6949
:10E1E00024F4804444EA85144460C2614A680264AD
:10E1F000036230BD002C0140036A026A22F48032BF
:10E2000030B502624468426D0D6822F4803222F01B
:10E2100070022A438D6823F4003343EA05430F4D0F
:10E22000A8420FD005F50065A8420BD005F5406562
:10E23000A84207D005F58065A84203D005F58065A2
:10E24000A84204D14D6924F4803444EA0524446092
:10E2500042654A688265036230BD00BF002C014000
:10E26000036A026A22F4801230B502624468426D89
:10E270000D6822F0807222F4E04242EA05228D68A5
:10E2800023F4001343EA05530E4DA8420FD005F5C1
:10E290000065A8420BD005F54065A84207D005F5FA
:10E2A0008065A84203D005F58065A84204D14D6978
:10E2B00024F4802444EA8524446042654A68C265A7
:10E2C000036230BD002C014030B5046A1546026A75
:10E2D00022F0100202620D4A904203D002F5006261
:10E2E000904203D1026A22F040020262826922F463
:10E2F000407242EA0522090163F30F3201F0A001E6
:10E3000024F0A00319438261016230BD002C01405A
:10E310000223026810B580F83D30136A03F0113310
:10E3200023F08853044643B9116A40F2444319422A
:10E3300002BF136823F001031360204603F037FF88
:10E34000002084F8480084F83C0084F83E0084F8FB
:10E350003F0084F8400084F8410084F8420084F8CB
:10E36000430084F8440084F8450084F8460084F8AB
:10E37000470084F83D0010BD90F83D30012B2BD1B3
:10E380000223164A80F83D300368934216D0B3F159
:10E39000804F13D0A2F5943293420FD002F58062E1
:10E3A00093420BD002F58062934207D002F594327B
:10E3B000934203D002F54062934207D19968084A1C
:10E3C0000A40062A06D0B2F5803F03D01A6842F010
:10E3D00001021A600020704701207047002C0140A4
:10E3E000070001000268136A03F0113323F0885319
:10E3F00043B9116A40F24443194202BF136823F043
:10E4000001031360012380F83D300020704703684A
:10E41000DA6822F00102DA601A6A02F0113222F0A0
:10E42000885242B9196A40F24442114202BF1A6846
:10E4300022F001021A60012380F83D30002070476D
:10E4400090F83C20012A03464FF0020009D01A68D8
:10E4500083F83D0051610020012283F83D2083F8BC
:10E460003C00704770477047036870B5DD681E69EF
:10E47000B20704460DD5A9070BD56FF002021A6149
:10E48000012202779B699A0775D002F09FF9002359
:10E490002377730710D568070ED523686FF0040241
:10E4A0001A61022222779B6913F4407F204668D0CC
:10E4B00002F08CF90023237731070FD52A070DD5F9
:10E4C00023686FF008021A6104222277DB699B0738
:10E4D00020465CD002F07AF900232377F10610D5AC
:10E4E000EA060ED523686FF010021A61082222771F
:10E4F000DB6913F4407F20464FD002F067F9002318
:10E500002377F30708D5E80706D523686FF00102E3
:10E510001A61204602F037F916F4025F08D0290686
:10E5200006D523686FF402521A61204600F011FCF0
:10E53000F20508D52B0606D523686FF480721A61A0
:10E54000204600F007FC700608D5690606D523684A
:10E550006FF040021A612046FFF785FFB20622D510
:10E56000AB0620D523686FF0200220461A61BDE873
:10E57000704000F0EDBB02F027F92046FFF772FF74
:10E5800085E702F021F92046FFF76CFF92E702F0E1
:10E590001BF92046FFF766FF9EE702F015F92046BB
:10E5A000FFF760FFABE770BD274A0368904212D0C7
:10E5B000B0F1804F0FD0A2F5943290420BD002F50B
:10E5C0008062904207D002F58062904203D002F54B
:10E5D0009432904208D14A6823F070031343CA680A
:10E5E00023F4407313430AE0184A9042F7D002F52F
:10E5F00080629042F3D002F580629042EFD04A6987
:10E6000023F0800313438A68C2620A6882620E4A5A
:10E6100090420FD002F5006290420BD002F54062AA
:10E62000904207D002F58062904203D002F58062EA
:10E63000904201D10A690263026842F0040202605A
:10E640000122426103607047002C014000400140FC
:10E6500010B5044650B390F83D3003F0FF021BB9EB
:10E6600080F83C2003F07CFD0223206884F83D30D4
:10E67000211DFFF799FF012384F84830002084F81A
:10E680003E3084F83F3084F8403084F8413084F8DC
:10E69000423084F8433084F8443084F8453084F8BC
:10E6A000463084F8473084F83D3010BD0120FCE747
:10E6B000036A026A22F0100270B50262456882693C
:10E6C0000C6822F0807222F4E64242EA04228C684E
:10E6D00023F0200343EA0413144CA0420FD004F5A6
:10E6E0000064A0420BD004F54064A04211D1D1E9EE
:10E6F000054625F44065344345EA840510E0046A84
:10E7000024F040040462CC6823F0800343EA04133D
:10E71000EDE7074CA042EAD004F58064A042E6D0C1
:10E72000456082614A688263036270BD002C0140CB
:10E730000044014010B590F83C30012B044629D02C
:10E740000C2A1FD009D8042A14D0082A16D062B186
:10E750000120002384F83C3010BD102A16D0142A62
:10E76000F6D10068FFF77CFD02E00068FFF792FC3D
:10E770000020EEE70068FFF79BFFF9E70068FFF76E
:10E78000C5FCF5E70068FFF703FDF1E70068FFF758
:10E7900033FDEDE70220DFE738B590F83C30012B80
:10E7A000044673D001200C2A84F83C004ED008D8CF
:10E7B000042A2BD0082A39D0BAB1002384F83C307F
:10E7C00038BD102A52D0142AF7D12068FFF748FD2F
:10E7D000436D0A6943F400634365436D23F480632A
:10E7E0004365436D43EA02234EE02068FFF752FC85
:10E7F00083690A6943F008038361836923F0040392
:10E8000083618369134383610020D6E72068FFF7A3
:10E810004FFF83690A6943F400638361836923F4CA
:10E8200080638361836943EA0223ECE72068FFF792
:10E830006DFCC3690A6943F00803C361C36923F02F
:10E840000403C361C3691343C361DDE72068FFF7B5
:10E850009FFCC3690A6943F40063C361C36923F47D
:10E860008063C361C36943EA0223EDE72068FFF7D1
:10E87000C3FC436D0A6943F008034365436D23F00D
:10E8800004034365436D13434365BDE7022097E7E7
:10E8900070B5056A046A24F0010404621F4CA042AA
:10E8A00017D004F50064A04213D004F54064A042E0
:10E8B0000FD004F58064A0420BD004F58064A04220
:10E8C00007D0B0F1804F846911D124F003041443C0
:10E8D0001AE0046A114E24F004040462B042846910
:10E8E000F3D00F4EB042F0D006F5406608E00D4E72
:10E8F000B042EAD006F58066B042E6D006F5806602
:10E90000B042E2D044F0010463F3071401F00A01BD
:10E9100025F00A0319438461016270BD002C014097
:10E920000034014000040040F8B590F83C30012B61
:10E9300005460C4679D00120082A85F83C0049D0CC
:10E9400006D842B3042A36D0002385F83C30F8BDFF
:10E950000C2AF9D12B68CE68186AD1E90027196A08
:10E9600021F480511962D969120321F4407141EAFE
:10E97000072120F4204002F4204266F30F310243C5
:10E98000D9611A62DA69A16822F44062DA61DA694F
:10E9900042EA012247E02868CB68D1E90012FFF77C
:10E9A00077FF8369A26823F00C03836183691343B3
:10E9B00083610020C8E72868CB68D1E90012FFF71F
:10E9C00083FC8369A26823F440638361836943EA1B
:10E9D0000223EDE72B68E768186A1E6A26F4807642
:10E9E000D1E900211E62124EB34203D006F5006643
:10E9F000B34203D11E6A26F480661E62DE691202EB
:10EA000026F00306314320F4206002F4206267F30D
:10EA100007110243D9611A62DA69A16822F00C0277
:10EA2000DA61DA690A43DA61C3E702208FE700BFDF
:10EA3000002C0140036A10B501F01F0101248C4035
:10EA400023EA04030362036A8A401A43026210BD88
:10EA5000082908B518D005D859B1042911D090F863
:10EA6000433008E00C2912D01029F8D190F8423038
:10EA700001E090F83E30013B18BF012353B1012063
:10EA800045E090F83F30F6E790F84030F3E790F833
:10EA90004130F0E708294FF002033CD006D861B1BD
:10EAA000042935D0022380F8433008E00C2935D002
:10EAB0001029F7D180F8423001E080F83E3000683C
:10EAC0000122FFF7B7FF234B98420FD003F50063F5
:10EAD00098420BD003F54063984207D003F580635A
:10EAE000984203D003F5806398421AD1436C43F4F3
:10EAF00000434364174B984203D003F500639842E8
:10EB000022D18268144B1340062B1FD1002008BD70
:10EB100080F83F30D3E780F84030D0E780F84130CC
:10EB2000CDE7B0F1804FECD00C4B9842E9D003F523
:10EB300080639842E5D003F580639842E1D0036892
:10EB400043F001030360E1E7054BF6E7B3F5803FCF
:10EB5000F5D1DBE7002C0140070001000004004074
:10EB600000400140FFF774BF082908B5034629D0CB
:10EB700005D859B104291FD093F843002AE00C2985
:10EB800026D01029F8D190F8420023E090F83E00FA
:10EB900093F84420C0B20128D2B266D1012A53D1E1
:10EBA00008294FF0020255D018D8F1B104294CD0F1
:10EBB000022283F8432054E090F83F0093F8452068
:10EBC000C0B2E8E790F8400093F84620C0B2E2E710
:10EBD00090F8410093F84720C0B2DCE70C293ED002
:10EBE0001029E5D183F842203BE083F83E2083F8EA
:10EBF000442018680122FFF71DFF1D4B984216D0D4
:10EC0000B0F1804F13D0A3F5943398420FD003F5A1
:10EC1000806398420BD003F58063984207D003F5D8
:10EC20009433984203D003F54063984207D1826839
:10EC3000104B1340062B06D0B3F5803F03D003687A
:10EC400043F001030360002008BD83F83F2083F8F0
:10EC50004520CEE783F8402083F84620C9E783F8B3
:10EC60004120022283F84720C3E70120ECE700BFE0
:10EC7000002C014007000100036A10B501F00F01EC
:10EC800004248C4023EA04030362036A8A401A4383
:10EC9000026210BD08B529B990F84430012B1DD08F
:10ECA00001204DE0042907D190F84530012BF7D120
:10ECB000022380F8453014E0082907D190F8463047
:10ECC000012BEDD1022380F846300AE090F847305E
:10ECD000012BE5D1022380F8473002E0022380F8BF
:10ECE000443000680422FFF7C7FF436C43F400433D
:10ECF0004364144B984216D0B0F1804F13D0A3F563
:10ED0000943398420FD003F5806398420BD003F5FB
:10ED10008063984207D003F59433984203D003F5FB
:10ED20004063984207D18268074B1340062B06D0F8
:10ED3000B3F5803F03D0036843F001030360002074
:10ED400008BD00BF002C014007000100FFF7A2BF73
:10ED5000704770477047000010B5026852E8003FE6
:10ED600023F4907342E8003102680029F5D10F4C7A
:10ED700002F1080353E8003F234002F1080C4CE87D
:10ED800000310029F4D1C36E012B07D152E8003FB6
:10ED900023F0100342E800310029F7D12023C0F806
:10EDA0008C300023C366436710BD00BFFEFFFFEF3A
:10EDB000026852E8003F23F0800342E80031026815
:10EDC0000029F5D152E8003F43F0400342E800310A
:10EDD0000029F7D17047D0F88820212A034611D1A5
:10EDE000B0F8562092B20AB9FFF7E2BF026D01688F
:10EDF00012F8010B88621A65B3F85620013A92B2F4
:10EE0000A3F856207047D0F88820212A034613D152
:10EE1000B0F8562092B20AB9FFF7CABF1A6D00685F
:10EE200032F8021BC1F3080181621A65B3F856205B
:10EE3000013A92B2A3F856207047D0F88830212BBF
:10EE400010B51BD1B0F86A20C2B1B0F856100368F3
:10EE500089B2A1B903F1080252E8002F22F400029E
:10EE600003F1080040E800210029F3D153E8002F06
:10EE700042F0400243E800210029F7D110BDD969D2
:10EE800009060AD5016D11F8014B9C62B0F85630A5
:10EE90000165013B9BB2A0F85630013A92B2D3E72C
:10EEA000D0F88830212B10B51BD1B0F86A20C2B140
:10EEB000B0F85610036889B2A1B903F1080252E80C
:10EEC000002F22F4000203F1080040E8002100298D
:10EED000F3D153E8002F42F0400243E8002100291B
:10EEE000F7D110BDD96909060CD5016D31F8024B77
:10EEF000C4F308049C62B0F856300165013B9BB234
:10EF0000A0F85630013A92B2D1E77047D0F8883075
:10EF1000202B10B544D1002944D0002A42D0A0F8BB
:10EF20005620A0F85420426E01650023C0F89030AE
:10EF3000B2F1005F4FF02103C0F8883002688368A7
:10EF400019D1B3F5805F14D10469174B1749002C10
:10EF500018BF0B46836702F1080353E8003F43F4F0
:10EF6000000302F1080040E800310029F3D100203D
:10EF700010BD0E4BEEE7B3F5805F0FD104690C4B6B
:10EF80000C49002C18BF0B46836752E8003F43F042
:10EF9000800342E800310029F7D1E8E7054BF3E7A9
:10EFA0000220E5E70120E3E7A1EE00083BEE0008C0
:10EFB00007EE0008D7ED000808B5806A03F0FEF9F7
:10EFC00008BD70470368D9691A682DE9F04140F619
:10EFD0000F0631429D68044610D18E0640F197809D
:10EFE00002F0200605F080573E4300F09080436F0A
:10EFF000002B00F08580BDE8F0411847A84EA948D5
:10F000002E401040304300F08280CF0709D5D00554
:10F0100007D501201862D4F8900040F00100C4F830
:10F0200090008F0709D5E80707D502201862D4F8A9
:10F03000900040F00400C4F890004F0709D5E8079D
:10F0400007D504201862D4F8900040F00200C4F8FC
:10F0500090000F070BD502F02000304307D00820A6
:10F060001862D4F8900040F00800C4F890000E0533
:10F070000AD5500108D54FF400601862D4F89030DA
:10F0800043F02003C4F89030D4F89030002B37D0F0
:10F090008B0609D502F0200205F080552A4303D0E3
:10F0A000636F0BB1204698472668D4F89020B36868
:10F0B00002F0280203F0400353EA0205204621D063
:10F0C000FFF74AFEB3685F0617D5226802F108030E
:10F0D00053E8003F23F04003083242E800310029A2
:10F0E000F3D1D4F8800040B16F4B8363FBF7F1FBA1
:10F0F00030B1D4F88000836B7DE7204603F05EF9E1
:10F10000BDE8F08103F05AF9C4F89050F8E7E06EDA
:10F11000012840F08D80CE0640F18A80D00640F173
:10F12000878010221A629968B4F85C20490651D58C
:10F13000D4F880100868416889B2002942D0914211
:10F1400040D2A4F85E10026892062FD453E8002F34
:10F1500022F4807243E800210029F7D103F108026C
:10F1600052E8002F22F0010203F1080040E80021DC
:10F170000029F3D103F1080252E8002F22F04002E7
:10F1800003F1080040E800210029F3D12022C4F84F
:10F190008C20E16653E8002F22F0100243E80021A2
:10F1A0000029F7D1D4F88000FBF75EFB0223236728
:10F1B000B4F85E30B4F85C10C91A89B22046FFF783
:10F1C00000FF9DE791429BD103689B0698D50223DF
:10F1D0002367F3E7B4F85E10B4F85E0080B289B23A
:10F1E00000288DD0521A91B2002989D053E8002FFF
:10F1F00022F4907243E800200028F7D12B4D03F150
:10F20000080252E8002F2A4003F1080646E80020D1
:10F210000028F4D12022C4F88C206067E06653E80F
:10F22000002F22F0100243E800200028F7D1CEE79B
:10F23000CF0209D56E0207D54FF4801220461A621C
:10F24000BDE8F04103F02AB908060BD502F08000B2
:10F2500005F40005284305D0A36F002B3FF450AF01
:10F260002046C8E64F0611D556060FD553E8002FA5
:10F2700022F0400243E800210029F7D12023C4F8FE
:10F280008830A167204603F095F839E70D020FD5C5
:10F2900050000DD52046BDE8F04100F0FEBD00BF96
:10F2A0000100001020010004B9EF0008FEFFFFEF8D
:10F2B000CB017FF525AF002ABFF622AF2046BDE87F
:10F2C000F04100F0E9BD00BFD0F88C20222A08B53B
:10F2D000036857D15B6AB0F86010826D0B40137001
:10F2E000836D01338365B0F85E30013B9BB2A0F8BB
:10F2F0005E30B0F85E309BB2002B42D1026852E81B
:10F30000003F23F4907342E8003103680029F5D1EF
:10F3100003F1080252E8002F22F0010203F1080C69
:10F320004CE800210029F3D12022C0F88C20184A93
:10F3300041679342016705D1C26E012A0ED003F0E6
:10F3400035F81EE05A681102F6D553E8002F22F076
:10F35000806243E800210029F7D1EDE70022C26670
:10F3600053E8002F22F0100243E800210029F7D1D2
:10F37000DA69B0F85C10D20644BF10221A62FFF7B7
:10F3800020FE08BD9A6942F008029A61F9E700BFC1
:10F3900000800040D0F88C20222A08B5036854D1A0
:10F3A000596AB0F860201140826D22F8021B826514
:10F3B000B0F85E20013A92B2A0F85E20B0F85E206C
:10F3C00092B2002A40D153E8002F22F4907243E811
:10F3D00000210029F7D103F1080252E8002F22F0A2
:10F3E000010203F1080C4CE800210029F3D120228E
:10F3F000C0F88C20174A41679342016705D1C26E5D
:10F40000012A0ED002F0D2FF1EE05A681102F6D592
:10F4100053E8002F22F0806243E800210029F7D151
:10F42000EDE70022C26653E8002F22F0100243E805
:10F4300000210029F7D1DA69B0F85C10D20644BF88
:10F4400010221A62FFF7BDFD08BD9A6942F008025A
:10F450009A61F9E70080004003682DE9F047DD6913
:10F46000D3F800809E68D0F88C20222A044640F011
:10F47000B780B0F86830002B00F08D80B0F8607075
:10F480004FF0000906F001064FF0040AAB0640F108
:10F4900082802368A26D5B6A3B401370A36D0133C9
:10F4A000A365B4F85E30013B9BB2A4F85E302368DC
:10F4B000DD6968072AD0E9070AD518F4807F07D0EC
:10F4C00001221A62D4F8902042F00102C4F8902080
:10F4D000AA0708D53EB102221A62D4F8902042F061
:10F4E0000402C4F89020680708D53EB1C3F820A0F4
:10F4F000D4F8903043F00203C4F89030D4F8903040
:10F5000023B1204602F05AFFC4F89090B4F85E3060
:10F510009BB2002BBAD1226852E8003F23F48073DB
:10F5200042E8003123680029F5D1304803F1080290
:10F5300052E8002F024003F1080545E800210029A8
:10F54000F4D12022C4F88C20294A616793422167B4
:10F550000AD05A68110207D553E8002F22F08062C2
:10F5600043E800210029F7D1E26E012A34D10022BC
:10F57000E26653E8002F22F0100243E80021002940
:10F58000F7D1DA69B4F85C10D20644BF10221A62CF
:10F590002046FFF716FDB4F85E309BB2D3B1B4F845
:10F5A00068209A4216D9226802F1080353E8003F06
:10F5B00023F08053083242E8003122680029F2D15A
:10F5C0000C4B636752E8003F43F0200342E80031F0
:10F5D0000029F7D1BDE8F087204602F0E7FEDAE720
:10F5E0009A6942F008029A61F4E700BFFEFFFFEF5C
:10F5F00000800040C9F2000803682DE9F047DD698A
:10F60000D3F800809E68D0F88C20222A044640F06F
:10F61000B480B0F86830002B00F08A80B0F86070D9
:10F620004FF0000906F001064FF0040AAB067FD543
:10F630002368A26D596A394022F8021BA265B4F80A
:10F640005E20013A92B2A4F85E20DD6968072AD0F4
:10F65000E9070AD518F4807F07D001221A62D4F88E
:10F66000902042F00102C4F89020AA0708D53EB1CC
:10F6700002221A62D4F8902042F00402C4F89020CA
:10F68000680708D53EB1C3F820A0D4F8903043F005
:10F690000203C4F89030D4F8903023B1204602F031
:10F6A0008DFEC4F89090B4F85E309BB2002BBDD1B3
:10F6B000226852E8003F23F4807342E80031236857
:10F6C0000029F5D12F4803F1080252E8002F02402B
:10F6D00003F1080545E800210029F4D12022C4F8EF
:10F6E0008C20294A6167934221670AD05A68110227
:10F6F00007D553E8002F22F0806243E8002100295B
:10F70000F7D1E26E012A34D10022E26653E8002FDD
:10F7100022F0100243E800210029F7D1DA69B4F899
:10F720005C10D20644BF10221A622046FFF749FC43
:10F73000B4F85E309BB2D3B1B4F868209A4216D9BF
:10F74000226802F1080353E8003F23F08053083297
:10F7500042E8003122680029F2D10C4B636752E87D
:10F76000003F43F0200342E800310029F7D1BDE813
:10F77000F087204602F01AFEDAE79A6942F00802A2
:10F780009A61F4E7FEFFFFEF0080004095F3000868
:10F7900010B590F88430012B1ED0012380F88430FE
:10F7A0002423C0F88830026852E8003F23F00C039D
:10F7B00042E800340168002CF5D151E8002F42F0F6
:10F7C000080241E80023002BF7D12022C0F888204E
:10F7D00080F88430184610BD0220FCE710B590F880
:10F7E0008430012B1ED0012380F884302423C0F8FC
:10F7F0008830026852E8003F23F00C0342E80034EE
:10F800000168002CF5D151E8002F42F0040241E8D4
:10F810000023002BF7D12022C0F8882080F8843004
:10F82000184610BD0220FCE7D0F88820D0F88C00E4
:10F8300010437047F8B50446C0692169A26823687F
:10F840000A4361691D680A438449024329400A4307
:10F850001A605A68E16822F440520A435A60804AAA
:10F86000A16993421CBF226A11439A6822F06E423A
:10F8700022F430620A439A60DA6A616A22F00F0267
:10F880000A43DA62774A934230D1774BD3F8883013
:10F8900003F00303022B00F0D880032B00F0C88094
:10F8A000012B00F0CC80B0F5004F40F0D380FDF785
:10F8B000C1FD002877D061686C4B626A33F8122072
:10F8C000B0FBF2F24B0803EB42034FF6EF72B3FBCF
:10F8D000F1F3A3F11001914220D823F00F02216827
:10F8E00092B2C3F342031343CB605CE0604A93429D
:10F8F00016D15D4BD3F8883003F00C03082B00F0D1
:10F90000A48008D8002B40F09A80B0F5004F78D141
:10F91000FDF77EFDCDE70C2B00F08A80012043E04F
:10F92000544A93420AD1504BD3F8883003F0300345
:10F93000202B00F08A80E5D9302BEDE74E4A934228
:10F9400009D1494BD3F8883003F0C003802B7CD019
:10F95000D8D9C02BE0E7494A93420BD1424BD3F8A8
:10F96000883003F44073B3F5007F6ED0CAD9B3F585
:10F97000407FD1E73A4A9342D0D13B4BD3F888300D
:10F9800003F44063B3F5006F15D003D843B9FDF716
:10F990003FFD07E0B3F5406FC0D14FF400400BE0EE
:10F9A000FDF744F940B900204FF00113A36600238E
:10F9B000C4E91D33F8BD324865682C4B626A05EB1B
:10F9C000450133F81220B0FBF2F39942A6D8B3EB0D
:10F9D000053FA3D800231946F1F748F8002319463C
:10F9E00006464FF4807768082A46E6FB0701F1F7E0
:10F9F0003DF8244BA0F540729A428FD82368D86016
:10FA0000D1E7FDF705FD0028CDD06368616A174A8C
:10FA100032F81120B0FBF2F000EB5300B0FBF3F032
:10FA20004FF6EF73A0F11002E6E7FDF7FFF8EAE703
:10FA3000B0F5004F3FF43FAF4FF40040E5E7B0F5BD
:10FA4000004FF2D1FDF7F2F833E7B0F5004F0C4864
:10FA5000DBD130E7FDF7EEFCD5E700BFF369FFCF60
:10FA60000080004000380140001002403877010853
:10FA70000044004000480040004C0040005000405E
:10FA80000024F400FFFC0F00836A1A0710B506D5A6
:10FA90000168846B4A6822F4004222434A60DC0712
:10FAA00006D50168C46A4A6822F4003222434A60DB
:10FAB000990706D50168046B4A6822F48032224314
:10FAC0004A605A0706D50168446B4A6822F48022CE
:10FAD00022434A60DC0606D50168C46B8A6822F4BA
:10FAE000805222438A60990606D50168046C8A68B0
:10FAF00022F4005222438A605A060FD50168446CF2
:10FB00004A6822F480122243B4F5801F4A6005D16E
:10FB10004A68846C22F4C00222434A601B0606D560
:10FB20000268C16C536823F400230B43536010BD7B
:10FB30002DE9F843DDF8209004460D461746984617
:10FB40002268D36935EA03030CBF01230023BB42BB
:10FB500001D0002022E0B9F1FF3FF2D0F9F738FFE1
:10FB6000A0EB0800484529D8B9F1000F26D021683C
:10FB70000B685A07E4D5802DE2D0402DE0D0CE6945
:10FB800016F008060CD0082520460D62FFF7E4F8B1
:10FB90000023C4F8905084F884300120BDE8F88335
:10FBA000CB691B05CCD54FF400630B622046FFF7F1
:10FBB000D3F82023C4F8903084F884600320EDE764
:10FBC00073B504460026C0F89060F9F701FF23687A
:10FBD0001B681A0705461CD56FF07E43009332461A
:10FBE00003464FF400112046FFF7A2FF88B12268B8
:10FBF00052E8003F23F0800342E800310029F6D1AB
:10FC00002023C4F888300320002384F8843002B015
:10FC100070BD23681B685B0724D56FF07E4300939B
:10FC200000222B464FF480012046FFF781FFC8B128
:10FC3000226852E8003F23F4907342E800312268C2
:10FC40000029F5D102F1080353E8003F23F0010336
:10FC500002F1080040E800310029F3D12023C4F864
:10FC60008C30D0E720230020C4F88830C4F88C30D2
:10FC7000E0662067C8E710B5044650B3D0F8883076
:10FC80001BB980F88430FFF740F922682423C4F8B8
:10FC90008830136823F001031360A36A13B1204670
:10FCA000FFF7F2FE2046FFF7C5FD012811D02368BB
:10FCB0005A6822F490425A609A6822F02A029A60A6
:10FCC0001A6842F0010220461A60BDE81040FFF7B2
:10FCD00077BF012010BD10B5044670B3D0F888304E
:10FCE0001BB980F88430FFF710F922682423C4F888
:10FCF0008830136823F001031360A36A13B1204610
:10FD0000FFF7C2FE2046FFF795FD012815D02368B6
:10FD10005A6822F490425A609A6822F022029A604D
:10FD20009A6842F008029A601A6842F0010220467E
:10FD30001A60BDE81040FFF743BF012010BD00006E
:10FD400030B581658168A0F85C200023B1F5805F43
:10FD5000A0F85E20436731D10369002B40F2FF1306
:10FD600018BFFF23A0F860300023C0F89030222392
:10FD7000C0F88C30016801F1080353E8003F43F0FC
:10FD80000103083141E800340368002CF2D1456ECC
:10FD900084680169B5F1005F35D1B0F868509542CB
:10FDA00031D8B4F5805F29D1C1B1264A426753E802
:10FDB000002F42F4807243E8002121E029B9036951
:10FDC000002B0CBFFF237F23CCE7B1F1805FC9D1AB
:10FDD0000369002B0CBF7F233F23C3E71A4A426706
:10FDE00003F1080252E8002F42F0805203F10800AC
:10FDF00040E800210029F3D1002030BD114A4267BC
:10FE00000029D4D1ECE7B4F5805F16D151B10F4A87
:10FE1000426753E8002F42F4907243E80021002922
:10FE2000F7D1E9E70A4A426753E8002F42F020027F
:10FE300043E800210029F7D1DEE7044A42670029A0
:10FE4000E7D1F1E759F40008F9F50008C9F2000814
:10FE500095F3000838B5D0F88C30202B16D1B9B105
:10FE6000B2B100230468C3660A4B9C420AD063689F
:10FE70001B0207D554E8003F43F0806344E8003597
:10FE8000002DF7D1FFF75CFF002038BD0220FCE712
:10FE90000120FAE7008000407047704790F88430F6
:10FEA000012B0FD0012380F88430016851E8002F26
:10FEB00042F0020241E80023002BF6D180F88430A2
:10FEC000184670470220704790F88430012B0FD0FD
:10FED000012380F88430016851E8002F22F00202EB
:10FEE00041E80023002BF6D180F884301846704793
:10FEF00002207047836810B504462BB103220146E7
:10FF000098470023C4E9023310BD10B5044650F8E9
:10FF1000103FDA6822F00102DA60DA6822F00202A9
:10FF2000DA60DA6822F00402DA60DA6822F00802A5
:10FF3000DA60DA6822F01002DA60FEF753FA22691A
:10FF4000136823F001031360012384F84E3084F812
:10FF50004F3084F8503084F8513084F8523084F8AF
:10FF6000533084F8543084F8553084F8563084F88F
:10FF7000573010BD4B1E032B00D9FEE78900081F28
:10FF8000704700000139435C13F0100004D00229CF
:10FF900016D80C4A32F81100DB0712D503290FD806
:10FFA000DFE801F00205080B40F00100704740F067
:10FFB0001000704740F48070704740F480507047E4
:10FFC000FEE77047587701080139032900D9FEE799
:10FFD000014B585C704700BF547701080139032971
:10FFE00000D9FEE7014B585C704700BF507701080D
:10FFF0002DE9F04104460E46FFF7BCFF04EB06185E
:020000040801F1
:1000000008F16408054631462046FFF7DDFFD8F8C1
:1000100008302BB12369C2431A61DA680243DA60FF
:10002000771E04EB47039B880B2B49D8DFE803F0CE
:1000300051181818060618184A4A4A2AE35DDE06BF
:1000400004D5294604F11000FEF780FEE35DD807D1
:1000500036D5294604F11000BDE8F041FEF782BD17
:10006000E35DD90604D5294604F11000FEF712FE1F
:10007000E35DDA0724D5294604F11000BDE8F0411C
:10008000FEF7E6BC294604F11000FEF76DFD31468F
:100090002046FFF7A3FF2569014606462046FFF7E5
:1000A00071FF2B6A1843D8F80830286243B13146F3
:1000B0002046FFF789FFC3432B61EB681843E860D4
:1000C000BDE8F081294604F11000BDE8F041FEF7DB
:1000D0004BBD23691B68DB07F2D404F11000BDE8B7
:1000E000F041FEF749B970B501250446861C294642
:1000F00036F8023F23B129462046FFF779FF002159
:100100000135052DF4D1E36E3BB123696FF0010297
:100110001A61DA6842F00102DA6049B123691B68AA
:10012000DB0705D404F11000BDE87040FEF724B9E8
:1001300070BD00002DE9F0438DB004461F460E4609
:10014000FFF718FF4FF6FF730593904623690546A6
:10015000C8B95B6B069300210123CDE902319DF8FC
:1001600050300791CDE9091108910B910191049349
:10017000B8F10B0F1DD8DFE808F00F153E41434CD6
:100180004E5054525B5D042801D19B6BE2E7082876
:100190000CBFDB6B1B6CDDE705912A4605A904F15A
:1001A000100004E0102305932A4605A9E018FEF785
:1001B000C1FA013E04EB4603A3F80480B8F1000F36
:1001C00016D07B1C14D0384602F03EF8A8425BD112
:1001D0002E49384601F08AFD2C49384601F0C0FD11
:1001E000A35D10F4801F0CBF012210221343A355FE
:1001F0000DB0BDE8F08320230593CEE73023FBE765
:1002000060232A4605A904F110000593FEF7C4FAFD
:10021000CFE77023F5E75023EEE74023ECE7022316
:1002200001932A4601A904F11000FEF77DFBC0E707
:100230000A23F5E71549384601F092FD10F48010C5
:1002400000D0FEE704F11009012301902A4601A91C
:1002500048460293FEF768FB31462046FFF7BEFE94
:10026000431E0146E25C42F00102E25404EB430308
:100270000B229A8020460223CDE90133FFF77AFE54
:1002800001A902464846D0E7FEE700BF0C7C010802
:10029000013903299ABF00EB410080880020704794
:1002A00001211030FEF7CCB80369186800F0010096
:1002B000704710B502460C46FFF7F6FF80B9CB68D1
:1002C000DB070ED5CB6823F00103CB601046FFF7A8
:1002D000E7FF6FF001032361E36843F00103E3608C
:1002E00010BDBDE810401046FFF7DABF224A904229
:1002F00003462AD0B0F1804F29D0A2F59432904223
:1003000027D002F58062904225D002F580629042AB
:1003100023D002F58062904221D002F580629042A3
:100320001FD002F5903290421DD04FF6FF70134A55
:1003300093421AD0124A934219D0124A934218D0CB
:100340004FF6FF73984215D1FEE70020EFE701203A
:10035000F0E70220F1E70320F2E7042070470520D0
:100360007047062070470720704708207047092013
:1003700070470A20704700BF002C01400040014038
:100380000044014000480140014670B5044651F860
:10039000100FFFF7ABFF0546084601F0CDFD094AF7
:1003A000002342F8253004F16406E36004F1B4054B
:1003B000B54204D0103D2846F6F7E6FFF8E72046A0
:1003C00070BD00BF3C6D0620F8B504460846FFF737
:1003D0008DFF236903B1FEE71B4D84F82C3004F137
:1003E0000C0245F8202004F110060E22C4E90C335B
:1003F000C4E90E33C4E91033C4E917232161A364AF
:1004000084F84C3084F84D30E460304601F0E2FC72
:1004100004F1640504F1B40728461035FFF76AFDBE
:10042000BD42F9D10023C4E900334FF6FF72C4E99D
:100430000632C4E90833A36063618023A3623046B7
:10044000BDE8F840FEF704B93C6D062010B586B053
:1004500014220446002101A805F0B9F800236946DA
:1004600001A80093FCF7F8FF206901F0B1FE012814
:1004700002D002280FD0FEE7049CFCF7C9FFB4F5B8
:10048000C06F05D00BD824F48074B4F5806F00D110
:10049000400006B010BD059CFCF7CCFFEFE7B4F5BB
:1004A000E06FF4E7012A38B505460C460BD0022A66
:1004B00016D004B1013C29692846CC62EC61BDE844
:1004C0003840FFF7F6BEFFF7C1FF084BB0FBF3F073
:1004D00044432A69230C93620133B4FBF3F4E8E745
:1004E000FFF7B4FFB0FBF4F4F3E700BF40420F00A6
:1004F000F8B5054614461A46FFF73CFD2B699E6A7F
:10050000822A074606F1010629D01FD8102A11D8E1
:1005100052BB2969CB6A4FF6FF72934203D1B4F5FF
:10052000803F08BF1C4637BB4C632846BDE8F840F7
:10053000FFF7BFBE812AECD12846FFF787FF124B99
:10054000B0FBF3F06043B0FBF6F4E2E7832AE0D1BE
:10055000DB6A03FB04436424B3FBF4F4D9E72846C5
:10056000FFF774FF6643EEE7DB6A03FB04430124F5
:100570009440013CF0E7042F01D18C63D5E7082FAC
:100580000CBFCC630C64D0E740420F0010B500F103
:1005900010042046FDF73BFF2046BDE81040FDF764
:1005A000B7BE000010B5074C206810B10430FDF74D
:1005B0005BFF606A20B1BDE810400430FDF754BF16
:1005C00010BD00BF3C6D0620034B186810B104300D
:1005D000FDF74ABF704700BF3C6D0620034B5868CB
:1005E00010B10430FDF740BF704700BF3C6D0620DE
:1005F000034B986810B10430FDF736BF704700BF59
:100600003C6D0620034BD86810B10430FDF72CBFB9
:10061000704700BF3C6D0620034B186910B10430D1
:10062000FDF722BF704700BF3C6D0620034B5869A1
:1006300010B10430FDF718BF704700BF3C6D0620B5
:10064000034B986910B10430FDF70EBF704700BF2F
:100650003C6D0620034BD86910B10430FDF704BF90
:10066000704700BF3C6D0620FFF7F4BF034B186ACC
:1006700010B10430FDF7F8BE704700BF3C6D062096
:10068000034B986A10B10430FDF7EEBE704700BF0F
:100690003C6D06200022C0E90022C0E9022270471A
:1006A000F8B504460E4600F1640500F1B40728468B
:1006B0001035FFF7EFFFBD42F9D10023204623613B
:1006C0003146FFF781FE2046F8BD38B50023C0E96A
:1006D0000033C0E902338B6804460D462BB1022279
:1006E0009847EB68E360AB68A360204638BD30B53F
:1006F00087B002AD04462846FFF7E7FF95E8030000
:10070000CDE9000194E8030085E80300DDE900017C
:10071000049BA268A360059B049284E80300E2683E
:10072000E36028460592F6F72FFE07B030BD38B5D6
:10073000C36E04460D4664301BB1BDE83840FFF778
:10074000D6BFFFF7D4FFAB683BB123696FF001025E
:100750001A61DA6842F00102DA6038BD826810B5C9
:100760000AB905F0E7FCBDE81040C368184708B5B2
:1007700000B9FEE701F02CFB0068C36E13B16430D2
:10078000FFF7ECFF08BDFFF7F2BF10B500B9FEE7B9
:10079000037F013B072B10D8DFE803F004140F1090
:1007A0000F0F0F12012401F013FB240100686434C1
:1007B000204483680BB1FFF7D1FF10BD0324F2E79B
:1007C0000424F0E70224EEE7FFF7DFBFFFF7DDBF09
:1007D00084B013B5044605A880E80E00E36843F032
:1007E0004003E36000230193019B01330193019BCC
:1007F000B3F1706F24D82369002BF5DA0A23019333
:10080000019BD3B9236943F001032361019B0133A9
:100810000193019BB3F1706F12D8206910F00100B1
:10082000F4D19DF81D306BB9A36B43F48033A363FF
:1008300002B0BDE8104004B07047019B013BDEE709
:100840000320EEE7A36B23F48033F0E7022A4AD1BA
:10085000274B284A0B44934239D9274B274A0B444C
:10086000934236D9264AA1F57403A3F51053934257
:1008700031D9244AA1F18373A3F5E74393422CD3E2
:10088000214B224A0B44934229D9214B214A0B4444
:10089000934226D3204B214A0B44934223D3204A30
:1008A000A1F1B773A3F5585393421ED31D4B1E4AB3
:1008B0000B4493422CBF06230723C26822F47052D4
:1008C000C260C26842EA8323C360002070470F23DE
:1008D000F3E70E23F1E70D23EFE70C23EDE70B23FE
:1008E000EBE70A23E9E70923E7E70823E5E700BF89
:1008F000405327FFFF340C00401E1BFF3F420F00F8
:100900007F4F120020D6130060B6E5FE5FE31600AD
:1009100000D3CEFE40771B00C05BB3FEC091210028
:1009200020753800E05459FEE09C4100836843F094
:100930000103836000207047836823F00103836014
:100940000020704738B5C368012923F0C04305462D
:100950000C46C36014D1C36843F00053C360002445
:100960000A20F9F73BF86B69D90704F10A0402D4AD
:10097000C82CF5D1C824A4F1C8035842584138BD49
:1009800071B9C36843F08043C3600A20F9F726F8C1
:100990006B69DA0704F10A04EDD5C82CF5D1E9E753
:1009A0000120ECE782B0002302460193019B013352
:1009B0000193019BB3F1706F15D81369002BF5DA21
:1009C0008901002341F0200101931161019B013352
:1009D0000193019BB3F1706F05D8106910F02000EE
:1009E000F4D102B070470320FBE782B00023024637
:1009F0000193019B01330193019BB3F1706F13D8F5
:100A00001369002BF5DA0023019310231361019B76
:100A100001330193019BB3F1706F05D8106910F099
:100A20001000F4D102B070470320FBE7D0F8003883
:100A30001943C0F8001800207047000084B02DE969
:100A4000F843044609A880E80E0000239DF824809E
:100A50009DF82E70194603F1400204EB8202013327
:100A60000F2B5160F7D104F50066002F61D1736838
:100A700043F002037360A36B23F40013A3632368A2
:100A800043F040032360236843F080032360002584
:100A90000321C4F8005E2046FFF7C8FF102120465E
:100AA000FFF780FF01462046FFF79FFF0843C0B2D3
:100AB000401B356118BF0120756104F51063F561B5
:100AC0002A464FF090414FF0006C4FF67F3EA8450C
:100AD00034D8002204F5306311464FF090454FF0B2
:100AE000006C4FF67F3E90453AD8336923F480730B
:100AF00033610023A3616FF080436361A36943F016
:100B00001003A361A2691F4B1343A3619DF82A3010
:100B10001BB1A36943F00803A361012F01BFA369BF
:100B200043F0804343F00403A361BDE8F84304B0FD
:100B30007047A36B43F40013A363A8E7D3F80090B6
:100B4000B9F1000F0ADA3DB9C3F800C01A610135E6
:100B5000C3F808E02033BAE71960F7E71A60F5E751
:100B6000D3F80090B9F1000F0ADA3AB9C3F800C01F
:100B700019610132C3F808E02033B4E71D60F7E7DC
:100B80001960F5E700383C80D0F8083813F0020F00
:100B900000F5006014BF02200F20704730B50C78BC
:100BA000012204F00F05AA404D78012D00F50063E5
:100BB00000EB441019D1DD692A43DA61D0F800391D
:100BC0001A0410D48A68D0F80059C2F30A030A79CB
:100BD0002B4343EA824343EA845343F0805343F474
:100BE0000043C0F80039002030BDDC6944EA02420D
:100BF000DA61D0F8003B1B04F5D48B68D0F8002BE9
:100C0000C3F30A0313430A7943EA824343F0805350
:100C100043F40043C0F8003BE5E7000010B50A7854
:100C20004978012900EB421300F5006002F00F0241
:100C300022D1D3F8001900290BDAD3F8001941F0BA
:100C40000061C3F80019D3F8001941F08041C3F8DE
:100C50000019C46B012101FA02F224EA0204C46300
:100C6000C16921EA0202C261D3F80019144A0A409C
:100C7000C3F80029002010BDD3F8001B00290BDAAF
:100C8000D3F8001B41F00061C3F8001BD3F8001B30
:100C900041F08041C3F8001BC46B4FF4803101FA6E
:100CA00002F224EA0204C463C16921EA0202C261B9
:100CB000D3F8001B034A0A40C3F8002BDAE700BF51
:100CC000007833EC0078F3EF37B5002200928468A7
:100CD0000A780346487801284FEA42121BD103F5EF
:100CE00010639C189958002902DB002003B030BD26
:100CF000995841F000619950995841F080419950BC
:100D0000009B01330093009BB3F5702FEED823684E
:100D1000002BF5DBE9E7996921F0800199615869B9
:100D200003F5006105065EBF486840F40070486046
:100D3000A0063BD40098013000900098B0F5702FC9
:100D400032D85869C506F5D500201C6A0194019C6B
:100D500000240094009C01340094009CB4F5702F92
:100D600026D85C692406F5D503F530639C189D5898
:100D700045F000659D509D5845F080459D500023ED
:100D80000093009B01330093009BB3F5702F11D8A3
:100D9000A3689B07F5D5A36843F00203A3604B68E3
:100DA00043F480634B60A1E70120CEE70020CFE74A
:100DB0000120D9E70120EEE74A780B78012A00EB01
:100DC000431012D1D0F80029002A06DB2BB1D0F84D
:100DD000003923F08043C0F80039D0F8003943F4DB
:100DE0000013C0F8003900207047D0F8002B002A0B
:100DF00006DB2BB1D0F8003B23F08043C0F8003B6A
:100E0000D0F8003B43F40013C0F8003BEBE70B784D
:100E10004A7800EB43100B79012AA3F10203DBB2FD
:100E20000FD1D0F80029012B22F40012C0F80029BC
:100E300005D8D0F8003943F08053C0F800390020BD
:100E40007047D0F8002B22F40012012BC0F8002BC1
:100E50009EBFD0F8003B43F08053C0F8003BEEE764
:100E6000033301329B0800EB023001EB830399420C
:100E700001D10020704751F8042B0260F7E7000011
:100E80002DE9F0414A7891F800E00B690E79012ACA
:100E90008C465B4A5B4900EB4E1567D105F5106443
:100EA0002769F3B939402161216941F400212161A9
:100EB00021690A402261D5F80029012E42F004423E
:100EC000C5F800293ED04BB1D0F834280EF00F0EF3
:100ED000012303FA0EF31343C0F834380020BDE8B1
:100EE000F0813A40226122690A402261DCF8082040
:100EF000BEF1000F0DD19A423CBFCCF81020134632
:100F0000226942F4002222612169C3F312020A43DA
:100F1000D0E73D4FD4F81080D1180139B1FBF2F180
:100F20008AB207EAC14141EA0801012E2161EBD1F1
:100F3000216921F0C04121612169520702F0C042BC
:100F40000A43E0E7D0F80828DCF80C1012F4807FA0
:100F5000D5F800290CBF42F0005242F08052C5F88B
:100F600000299BB27246FFF77BFFB7E7D5F8104B1D
:100F70002240C5F8102BD5F8102BDCF808400A40A9
:100F800005F530673A61BEF1000F23D10BB1CCF803
:100F90001040CCF820403B69C4F312041C433C6170
:100FA0003B6943F400233B61012E0CD1D0F8083893
:100FB00013F4807FD5F8003B0CBF43F0005343F09F
:100FC0008053C5F8003BD5F8003B43F00443C5F817
:100FD000003B83E7002BDED023440B4A3969013BF9
:100FE000B3FBF4F39BB25C4302EAC3430B43CCF87C
:100FF00020403B613B69C4F312041C433C61D3E7CE
:101000000000F8FFFFFF07E00000F81F70B50023A5
:10101000940800F5805502F00302A34204D301EBCB
:10102000840132B9084670BD2E6841F8236001334F
:10103000F3E700F5805000230468D80024FA00F09C
:101040005854013398B28242F7D15018EBE7D0F8E8
:10105000003823F4FE63C0F80038D0F800380901E6
:1010600001F4FE611943C0F8001800207047D0F861
:10107000003E23F00303C0F8003ED0F8043823F00C
:101080000203C0F8043800207047D0F8003E23F077
:101090000303C0F8003ED0F8043843F00203C0F860
:1010A0000438002070474269806910407047D0F8CA
:1010B000183800F50060C0691840000C7047D0F87F
:1010C000183800F50060C069184080B2704700EB26
:1010D000411100F50060D1F8082B406910407047BD
:1010E000D0F81028D0F8343800EB411001F00F018F
:1010F000CB4000F51060DB018068DBB21343184081
:101100007047406900F001007047D0F800396FF374
:101110000A03C0F80039D0F8043843F48073C0F8EB
:101120000438002070470000016C0C4A914200F521
:10113000306303D9D0F8002B002A0DDB00221A619E
:101140001A6942F400221A611A6942F018021A61FF
:101150001A6942F0C0421A61002070470A30544FA9
:1011600004F04CB804F052B800B58BB0082877D81A
:10117000DFE800F00514202C3844505E6A00394B3B
:10118000DA6C42F00102DA64DB6C03F001030193D4
:10119000019B4FF090400BB05DF804FB314B32489F
:1011A000DA6C42F00202DA64DB6C03F002030293B1
:1011B000029BF0E72B4B2D48DA6C42F00402DA6414
:1011C000DB6C03F004030393039BE4E7254B2848FF
:1011D000DA6C42F00802DA64DB6C03F00803049373
:1011E000049BD8E71F4B2348DA6C42F01002DA6404
:1011F000DB6C03F010030593059BCCE7194B1E48ED
:10120000DA6C42F02002DA64DB6C03F02003069310
:10121000069BC0E7FBF7C4FC124B1848DA6C42F09F
:101220004002DA64DB6C03F040030793079BB2E7EC
:101230000C4B1348DA6C42F08002DA64DB6C03F08A
:1012400080030893089BA6E7064B0E48DA6C42F42D
:101250008072DA64DB6C03F480730993099B9AE76C
:10126000002098E7001002400004004800080048F1
:10127000000C004800100048001400480018004806
:10128000001C00480020004808B5064900F068FD31
:10129000C0F3C430122800D9FEE7034B53F82000F6
:1012A00008BD00BF4C7E01086C770108A0F5805096
:1012B0000138022800D9FEE7014B53F8200070479F
:1012C0006077010808B5074900F04AFDC0F3C43053
:1012D000012802D0022802D0FEE7002008BD10201D
:1012E000FCE700BF287E010802680A4B9A4282B0E0
:1012F0000AD103F5CE339A6D42F000529A659B6D88
:1013000003F000530193019B034B0449186802B09A
:1013100000F0ECBC0074004080000020287E010832
:10132000F0B591B005460E4617460021142201A8DB
:1013300004F04DF92822002106A804F048F91449C8
:10134000284600F0EBFC019000B32846FFF7BAFFF7
:10135000012F04460BD033460022214601A8F9F79D
:10136000CCF998B9214601A8F9F78CF90EE0094BA0
:1013700001A81D60F9F765F940B9CDE908002246DA
:1013800006A901A8F9F7CCF90028E4D011B0F0BD06
:10139000287E0108800000200268094B9A420DD186
:1013A00003F5CE339A6B42F000529A639A6B22F0A7
:1013B00000529A639A6D22F000529A65704700BFFE
:1013C0000074004010B5094986B0044600F0A6FC40
:1013D000019048B12046FFF775FF014601A8F9F7D3
:1013E0007EF901A8F9F740F906B010BD287E010882
:1013F0000D4BDA6C42F4005282B0DA64DA6C02F41B
:1014000000520192019AD3F8882042F04052C3F86A
:101410008820064B1868C30403D4054902B000F0C5
:1014200065BC02B0704700BF001002408000002081
:101430004C7E01080A4BDA6A42F40052DA62DA6A38
:1014400022F40052DA62DA6A42F40052DA62DA6AAC
:1014500022F40052DA62DA6C22F40052DA64704745
:1014600000100240F0B5A3B0054668220E4608A859
:10147000002104F0ACF81822002102A804F0A7F81B
:101480000023EA04ADF80230019340F1C48041F238
:1014900003039D4200F2BF80694B08932846FFF783
:1014A00005FF07270446082E00F0C6800A2E00F02C
:1014B000C580062E0CBF182300234FF44032CDE91F
:1014C000092300230422CDE90B33CDE911330D921A
:1014D000ADF8383001228DF8403013938DF850303C
:1014E0008DF858301B931E931C938DF87430554B18
:1014F0000F9208A84FF4805215921D60F8F796FAE3
:10150000002840F094804E4B089A02949A4240F092
:101510008E804D4B9C4244D04C4B9C4241D04C4B16
:101520009C423ED04B4B9C423BD003F18663103330
:101530009C4236D0484B9C4233D003F18663403303
:101540009C422ED0454B9C422BD003F1866303F581
:1015500080739C4225D0424B9C4222D003F104234D
:1015600003F540139C421CD003F1866303F500632E
:101570009C4216D03B4B9C4213D03B4B9C4210D01C
:101580003A4B9C420DD03A4B9C420AD0394A24F047
:101590000043934205D0384A934202D0374B9C42D5
:1015A00045D10623CDE903377F240423CDE9054344
:1015B00002A9002308A80793F8F75AFB002836D1A0
:1015C000214608A8F8F708FF002830D108A8F8F746
:1015D000C5FD60BB0A2108A8F8F7F6FA38BB08A8D1
:1015E000F8F7FCFC830505D508A8F8F73DFB80B2A9
:1015F000ADF8020008A8F8F7CDFEC0B908A8F8F7C2
:1016000023FEA0B91E4A936823F0E0739360BDF8EF
:10161000020080B20CE01B49284600F07FFB01A9C4
:1016200008902846FFF730FE089B044613B90020B7
:1016300023B0F0BD022736E710233EE708233CE73E
:101640000000045080000020020030040400600804
:101650000800900C1000C0104000201900018021EB
:101660000004002A002090360040C03A0080F03E7E
:1016700000002143000052470000844B010000801D
:10168000000304504C7E01082DE9F3478A462449A3
:10169000244F99469046064600F040FBFEF726FE92
:1016A00057F82030054673B9B420FFF759FD1C499F
:1016B0000446304600F032FB01462046FEF7F0FFBC
:1016C00057F825301C6016491C68304600F048FB6E
:1016D000C0F3C43529462046FEF7DAFD0428074644
:1016E00007D0002300930422334629462046FEF704
:1016F00021FD022251462046FEF7D4FE4B464246CB
:1017000029462046FEF7F4FE042F05D0204602B0FD
:10171000BDE8F047FEF7E7BC02B0BDE8F08700BFC8
:101720000C7C01083C6D0620F8B51349134F0646A2
:1017300000F0F4FAFEF7DAFD57F82030054673B9E9
:10174000B420FFF70DFD0C490446304600F0E6FAE0
:1017500001462046FEF7A4FF57F825301C601C68A0
:1017600044B12046FEF710FE2046B421BDE8F84003
:10177000FFF7F8BCF8BD00BF0C7C01083C6D0620EB
:10178000F8F726B9704708B5F8F716F9F8F7F3FE39
:10179000FFF7F8FF08BD000010B592B004464422E0
:1017A000002101A803F013FFFBF782F9032C12D8E4
:1017B000DFE804F0021A2A40264BD3F8942042F0C6
:1017C0000102C3F89420D3F894309C0703D4082373
:1017D000019301230693019B002B39D001A8FBF74D
:1017E0006FFA002834D0FEE71A4B1A6842F4807270
:1017F0001A601B685905EED4022301934FF48072DE
:101800004023CDE90423E6E7124BD3F8902042F0C1
:101810000102C3F89020D3F890209407DBD4D3F8CA
:10182000902022F01802C3F8902004230193012392
:101830000393D0E7074B1A6842F480321A601B68A2
:1018400099035EBF01224FF48033CDE90123C2E743
:1018500012B010BD00100240704700000F4B9A6D8F
:1018600042F0805284B09A659A6D02F080520192E3
:10187000019A1A6E42F001021A661A6E02F0010213
:101880000292029A9A6C42F480529A649B6C03F41E
:1018900080530393039B04B0704700BF00100240C5
:1018A0000C4BD3F8FC20D2015EBFD3F8FC2042F0F1
:1018B0008072C3F8FC20084B00225A601A6842F07C
:1018C00001021A6000BF00BF00BF5868B0FA80F084
:1018D0004009704700ED00E0001000E008B5FFF798
:1018E000BDFFFFF7DDFFF8F757F8FFF7B5FF02F090
:1018F00073FD0348F8F744FEBDE8084002F002BD5E
:10190000840000200023C0E90033C0E9023370479F
:101910002DE9F04300F00F08012505FA08F58DB018
:101920000E461746ABB24FF00009012B09F1010238
:1019300060D1C0F30310FFF717FCD0B1304B53F860
:10194000283093FAA3F1B1FA81F14900CDE90757A4
:1019500093FAA3F3C56803228A40B3FA83F32A40BB
:101960005B0022FA03F3099307A902230A93F9F70C
:1019700071F95FFA89F91424DFF88880B76804FBED
:1019800009F40023043403AD03934444C5E901334F
:10199000069397B3022231462846B847D6E9027C1F
:1019A000142695E8030006FB09F608EB060301AAD6
:1019B000043382E8030093E8030085E8030092E81B
:1019C000030083E80300A3680593A760E368C4F8F5
:1019D0000CC028460693F5F7D7FC18F906400022FC
:1019E00006212046F8F752FD2046F8F781FD0DB09C
:1019F000BDE8F0835B08914697E7BC46D0E700BF9F
:101A0000B8770108686D06200023012803F1010260
:101A10000AD11422DBB25343054A181D10448168D1
:101A200029B11A441369184740081346EDE7704777
:101A3000686D06200120F9F7E9B90220F9F7E6B947
:101A40000420F9F7E3B90820F9F7E0B91020F9F715
:101A5000DDB908B52020F9F7D9F94020F9F7D6F912
:101A60008020F9F7D3F94FF48070F9F7CFF9BDE88A
:101A700008404FF40070F9F7C9B938B506244FF49F
:101A80008065A8B2F9F7C2F9013C4FEA4505F8D1E3
:101A900038BD0000344A104608B5062300F8043B60
:101AA000FFF730FF072302F118001375FFF72AFF35
:101AB000082302F12C0082F82830FFF723FF0923C6
:101AC00002F1400082F83C30FFF71CFF0A2302F1CC
:101AD000540082F850301721FFF714FF02F168001C
:101AE00082F86410FFF70EFF02F17C0082F8781094
:101AF000FFF708FF02F1900082F88C10FFF702FF59
:101B000002F1A40082F8A010FFF7FCFE02F1B80079
:101B100082F8B4102821FFF7F5FE02F1CC0082F81C
:101B2000C810FFF7EFFE02F1E00082F8DC10FFF7CB
:101B3000E9FE02F1F40082F8F010FFF7E3FE02F58F
:101B4000847082F80411FFF7DDFE02F58E7082F8D2
:101B50001811FFF7D7FEBDE8084002F5987082F82B
:101B60002C11FFF7CFBE00BF686D062038B5054CBD
:101B7000A4F5A075143C201DF5F706FCAC42F9D184
:101B800038BD00BFA86E062030B591FAA1F391FAD6
:101B9000A1F1B3FA83F3C4685B000325B1FA81F1C4
:101BA00005FA03F3490024EA03038A401A43C2609A
:101BB00030BD431C04D00C3151F80C3C5A1C01D1EF
:101BC00000207047834201F10C01F5D101207047DC
:101BD000F8B5471C06460D4600D1FEE700F00F029F
:101BE000414BC0F3031053F82240FFF7BDFA94FABB
:101BF000A4F3B3FA83F3876803225B0002FA03F3CA
:101C000094FAA4F2B2FA82F227EA030752000323FD
:101C100093403B4305F007018360032903D8DFE8C5
:101C200001F05F612C03FEE7032394FAA4F2B2FAF9
:101C300082F206685200032707FA02F226EA020639
:101C400094FAA4F2B2FA82F252009340013933437B
:101C50000129036005D843682A074CBF2343A343E7
:101C60004360C5F30112012A02D0022A18BF0022E4
:101C70002146BDE8F840FFF787BFC5F306227F2A5B
:101C800001D10223D1E7360716D5230A93FAA3F62A
:101C9000B6FA86F6476A93FAA3F3B6004FF00F0C34
:101CA000B3FA83F30CFA06F69B0027EA060602FA5B
:101CB00003F333434362E4E794FAA4F3B3FA83F300
:101CC000066A9B000F2707FA03F326EA030694FA35
:101CD000A4F3B3FA83F39B009A4032430262D0E745
:101CE0000023A2E70123A0E7B8770108431C06D12F
:101CF0007047834202D18968FFF76ABF0C310B68D5
:101D00005A1CF6D1FEE70B685A1C01D1002070471F
:101D1000834201D1486870470C31F4E7431C01D07D
:101D2000FFF7F1BF002070474B6813B94FF0FF3049
:101D30007047834201D1086870470C31F4E708B15D
:101D4000FFF7F2BF4FF0FF30704703460868421CB0
:101D500000D17047984201D1886870470C31F5E78F
:101D6000431C01D0FFF7F1BF704703468B42084682
:101D700004D01BB100290CBF18460020704700009A
:101D8000114B4FF000629A60D3F8882042F4700241
:101D9000C3F888200D4B1A68002142F001021A6036
:101DA00099601A6822F0A85222F410221A604FF4A7
:101DB0008052DA601A6822F480221A6040F2FF72C0
:101DC00099611A62704700BF00ED00E00010024008
:101DD0000438704703684D4A93428CB026D102F50F
:101DE0006442116E41F400611166126E02F40062E9
:101DF0000192019A464A934225D102F50032916D33
:101E000041F010019165926D02F010020692069A5F
:101E1000404A934224D1404B1A6E42F480221A6603
:101E20001B6E03F480230B930B9B19E0B3F1804FDF
:101E300018D1394A916D41F001019165926D02F01E
:101E400001020292029A354A934219D1324B9A6D9D
:101E500042F020029A659B6D03F020030793079BD5
:101E60000CB070472E4A934218D102F50332916D9F
:101E700041F002019165926D02F002020392039A11
:101E8000284A934218D1244B1A6E42F400521A6623
:101E90001B6E03F400530893089BE1E7224A934228
:101EA00018D102F50232916D41F004019165926DF5
:101EB00002F004020492049A1C4A934218D1164B71
:101EC0001A6E42F480321A661B6E03F48033099353
:101ED000099BC5E7164A93428CD102F50132916DF8
:101EE00041F008019165926D02F008020592059A91
:101EF000104A93428CD1084B1A6E42F400321A6693
:101F00001B6E03F400330A930A9BA9E7002C0140DF
:101F10000010004000480140001002400014004042
:101F2000000400400034014000080040004001402F
:101F3000000C00400044014003682F4A934215D131
:101F40002E490A6E22F400620A662D4A934215D188
:101F50002A498A6D22F010028A652A4A934228D1C2
:101F600002F54842136E23F4802321E0B3F1804F41
:101F70000ED122498A6D22F001028A65224A9342DB
:101F80000ED102F5FE32936D23F020039365704766
:101F90001E4A93420ED119498A6D22F002028A65C7
:101FA0001B4A93420ED102F55C42136E23F4005398
:101FB00013667047174A93420DD110498A6D22F07B
:101FC00004028A65144A93420DD102F55042136E01
:101FD00023F48033ECE7114A9342B6D107498A6D66
:101FE00022F008028A650E4A9342B6D102F54C42AD
:101FF000136E23F40033DBE7002C01400010024095
:10200000001000400048014000140040000400405F
:10201000003401400008004000400140000C004036
:1020200000440140431C2ED0214B98422ED014D89E
:10203000A3F5406398422BD007D8B0F1804F29D048
:10204000A3F58063984227D0FEE71A4B984225D02B
:1020500003F58063984223D0F6E7174B984221D0CE
:1020600008D8A3F5A053984220D003F50063984206
:102070001AD0E9E7114B984218D003F580639842D3
:10208000E2D11A2070476FF00D007047372070477B
:102090001E2070471C2070471D207047322070475B
:1020A00036207047182070472C2070471920704741
:1020B00000140040000C004000400140004401407A
:1020C000431C2ED0224B98422ED014D8A3F5406347
:1020D00098422BD007D8B0F1804F29D0A3F5806368
:1020E000984227D0FEE71B4B984225D003F580632A
:1020F000984223D0F6E7184B984221D008D8A3F590
:10210000A05398421ED003F5006398421CD0E9E723
:10211000124B98421AD003F580639842E2D11A20FC
:1021200070476FF00D007047372070471E207047D2
:102130001C2070471D2070473220704736207047A2
:10214000182070471B2070472E20704719207047B9
:1021500000140040000C00400040014000440140D9
:1021600038B5FFF737FE04460068FFF75BFFD4E998
:102170001312F8F78BF92068FFF754FFF8F7B8F956
:1021800022681046FFF79CFF05461046FFF74AFFFE
:1021900085420BD02846D4E91312F8F777F9206866
:1021A000FFF78EFFBDE83840F8F7A2B938BD10B58B
:1021B000FFF7C2FE04460068FFF734FFF8F7A6F900
:1021C0002068FFF77DFFBDE81040F8F79FB90000D9
:1021D000431C2CD0184B98422BD012D8A3F5406347
:1021E000984226D005D820F48060B0F1804F20D0EE
:1021F000FEE7124B98421CD003F58063984218D03A
:10220000F6E70F4B984210D008D8A3F5A053984298
:102210000BD003F50063984207D0E9E7094B9842D9
:1022200003D003F580639842E2D10220704700207A
:1022300070470120704700BF00140040000C0040B0
:10224000004001400044014008B50649FFF788FD01
:10225000C0F3C430431E032B00D9FEE780000438CE
:1022600008BD00BF0C7C010808B5074B90F8B120F1
:1022700053F82200FDF7D8FA00F02200A0F1220363
:102280005842584108BD00BFA86E062008B5074B4C
:1022900090F8B12053F82200FDF7C6FA00F02100B3
:1022A000A0F121035842584108BD00BFA86E062086
:1022B00070B50E46054610B94FF0FF3070BDFFF700
:1022C000D3FF04460028F7D12946012211F8B23F76
:1022D000337095F8B100034B53F82000FDF7BAFDB9
:1022E0002046EBE7A86E062038B50D460446C0B17F
:1022F000FFF7BAFFA8B994F9B000C4F89850F8F7FE
:1023000005F994F8B100074B04F1B20153F820002D
:102310000122FDF79FFD94F9B000BDE83840F8F7C1
:10232000E7B838BDA86E062038B515460446C8B1D2
:10233000C0F89C1090F9B000F8F7E8F8D4F8B8307D
:10234000B4F8C21094F8B10013FA81F1064BAAB2A6
:1023500053F82000FCF7DAFD94F9B000BDE83840EE
:10236000F8F7C6B838BD00BFA86E062050B1D0F847
:10237000A430013306D190F8B120034B53F822006A
:10238000FDF706BA704700BFA86E062050B1D0F81E
:10239000A430013306D190F8B120034B53F822004A
:1023A000FDF71CBA704700BFA86E0620D0F8943025
:1023B00004381847D0F898300438184710B5044648
:1023C00050F80439DA69D1070CD501221A62FFF7F7
:1023D0004BFFB0B904F1AE0120460122BDE8104028
:1023E000FDF738BDDA69920701D50222EEE7DA6916
:1023F000510701D50422E9E7DA691207E7D5082277
:10240000E4E710BD08B52520F8F7A6F8024B1868D8
:10241000BDE80840FCF7D6BDA86E062008B526200A
:10242000F8F79AF8034B586818B1BDE80840FCF774
:10243000C9BD08BDA86E062008B52720F8F78CF89E
:10244000034B986818B1BDE80840FCF7BBBD08BD58
:10245000A86E062008B53420F8F77EF8024BD8683D
:10246000BDE80840FCF7AEBDA86E062008B53520D3
:10247000F8F772F8024B1869BDE80840FCF7A2BDF6
:10248000A86E062008B54620F8F766F8024B586992
:10249000BDE80840FCF796BDA86E0620012200F1B9
:1024A000AE01FDF7D7BC000003682A4A93420CD165
:1024B000294BD3F8880000F00300022847D00328F6
:1024C00014BF00200120C0037047244A934208D162
:1024D000214BD3F8880000F00C00082837D00C28D6
:1024E000EEE71F4A934208D11B4BD3F8880000F057
:1024F000300020282BD03028E2E71A4A934208D136
:10250000154BD3F8880000F0C00080281FD0C028E9
:10251000D6E7154A93420AD10F4BD3F8880000F44E
:102520004070B0F5007F12D0B0F5407FC8E70F4A89
:1025300093420AD1084BD3F8880000F44060B0F50C
:10254000006F04D0B0F5406FBAE70020704708482C
:10255000704700BF003801400010024000440040B6
:1025600000480040004C0040005000400080004007
:102570000024F40001462DE9F84FFFF795FF0A68A3
:10258000234B4E68DFF890809A4205464FEA560783
:1025900023D1DFF88090DFF884B000244FF4807AF4
:1025A00039F8023B38F81320002319462846EEF785
:1025B0005DFA00231946BC46E0FB0AC1324660467C
:1025C000EEF754FAA0F54070584503D901340C2CAD
:1025D000E6D100242046BDE8F88FC9690D4A0024E1
:1025E0004FF6EF7032F8023BB1F5004F38F8133078
:1025F000B5FBF3F30CBF07EB4303DB19B3FBF6F3B7
:10260000103B8342E6D901340C2CEBD1E1E700BF4B
:10261000008000404078010838770108FFFC0F0077
:102620002DE9F04F8DB0CDE901239DF85C30039387
:102630009DF8603004939DF8643005930F468346FF
:1026400018B900200DB0BDE8F08FB349D0F8A00054
:10265000FFF764FBB1498246DBF8A400FFF75EFB9D
:10266000AF490646DBF8A800FFF758FBAD49044622
:10267000DBF8AC00FFF752FBA8498046DBF8A0006E
:10268000FFF74CFBA4498146DBF8A400FFF746FBAB
:102690000546BAF1000F02D1B9F1000FD1D0DBF835
:1026A000A420013202D00EB9002DCAD0DBF8A82038
:1026B000013201D0002CC4D0DBF8AC20013202D0B2
:1026C000B8F1000FBDD031465046FFF74EFBCBF8B6
:1026D000000028B929464846FFF747FBCBF8000021
:1026E0002146FFF742FB4146CBF80000FFF73DFBD8
:1026F000CBF800000028A4D08B4A904240F0DA804A
:1027000002F55842116C41F480411164116C21F4BE
:1027100080411164116E41F480411166126E02F421
:1027200080420692069A002125228BF8B1108BF880
:10273000B020BAF1000F00F055817749DBF8A00016
:10274000FFF7D4FA002E40F047814FF00009002C2B
:1027500000F05B817249DBF8A800FFF7C7FA4FF47D
:10276000807AB8F1000F06D06E49DBF8AC004AF46D
:10277000007AFFF7BBFA9BF8B1106C4A019BCBF8CB
:102780000C300BF1040442F82140DBF80020029BDE
:10279000CBF81430CBE90127169ACBF810200C2285
:1027A000CBE9062A0022CBF820202046FFF7E2FEE4
:1027B000039BCBF828000822CBF82C20CBF83C90C8
:1027C00033B10A22CBF82C204FF48032CBF83420DE
:1027D000049B4BB1DBF82C2042F00102CBF82C20FB
:1027E0004FF40032CBF83020059B4BB1DBF82C20A6
:1027F00042F00402CBF82C204FF48022CBF8382092
:102800000022CBF8242001219BF9B000F7F73EFE0F
:10281000DBF80010464A91423FD1B7F5165F2046DB
:1028200000F2F580FDF73AFB2046002E40F0F280E2
:10283000002D40F0EF80FDF74EFA002800F00881EF
:10284000B7F5165F3B4F40F2E8803A68520500F159
:102850000481DBF80010364A914205D1D7F8882070
:1028600022F44062C7F888202046002E40F00E81F6
:10287000002D40F00B81FDF72EFA002800F0E880D3
:10288000DBF800202A4B9A4207D1D7F8883023F48E
:10289000406343F48063C7F888302046002E40F040
:1028A000F880002D40F0F580FDF715FAB0FA80F0C1
:1028B0004009C7E6204A904215D102F5E632916BF5
:1028C00041F400319163916B21F400319163916D7A
:1028D00041F400319165926D02F400320792079A3B
:1028E0000121262221E7154A904229D102F5E4323E
:1028F000916B41F480219163916B21F4802191636C
:10290000916D41F480219165926D02F480220892CC
:10291000089A0221272208E77C7B0108E07A010857
:10292000807A01082C7A010800380140A86E062040
:102930000080004000100240004400400048004079
:10294000554A904215D102F5E232916B41F40021D3
:102950009163916B21F400219163916D41F4002109
:102960009165926D02F400220992099A03213422A2
:10297000DBE64A4A904215D102F5E032916B41F410
:1029800080119163916B21F480119163916D41F4F9
:1029900080119165926D02F480120A920A9A0421C4
:1029A0003522C2E63E4A90427FF44BAE02F5C83271
:1029B000D16B41F00101D163D16B21F00101D163F1
:1029C000D16D41F00101D165D26D02F001020B928F
:1029D0000B9A05214622A8E63249DBF8A400FFF74E
:1029E00085F9B2E6B9F1000F3FF4AFAE2D49DBF83F
:1029F000A000FFF77BF915B94FF40049A7E62A4973
:102A0000DBF8A400FFF772F9F6E7A246A9E6FDF7A6
:102A10005BFA09E7FDF72FF90FE70220FEF7BCFE8E
:102A2000D7F8902093077FF510AF1D4ADBF8001010
:102A3000914202BFD7F8882042F44062C7F888204C
:102A400020463EB935B9FDF746F900287FF4FDAEC2
:102A50000120F7E5FDF70FF9F7E7114ADBF8001061
:102A6000914201BFD7F8882022F4406242F400620C
:102A7000C7F88820204636B92DB9FDF72CF9002873
:102A80007FF4E7AEE4E7FDF7F6F8F8E7FDF7F3F8D3
:102A9000F3E6FDF7F0F809E7004C00400050004075
:102AA00000800040E07A01087C7B01080A49034667
:102AB000086810B50344EFF30882934205D9074B29
:102AC0000C221A604FF0FF3010BD054A054C121B56
:102AD0009342F4D20B60F7E7AC000020D48E0620BE
:102AE00000000A2000040000FEE70000024B16224E
:102AF0001A604FF0FF307047D48E062001207047D7
:102B000007B503688DF807105B6801220DF1070116
:102B1000984703B05DF804FB014800F0ADB800BF72
:102B2000B8710620F8B50E4617461546ADB100F04F
:102B300063FD90B10A4800F09FF8A84228BF2846DC
:102B400004460028F3D031460548224600F0B5F887
:102B50002D1B264400F06CFDE8E7781BF8BD00BF94
:102B6000B8710620014800F04EB900BFF27006208F
:102B700010B5044800F06FF9044600F08FFD2046C0
:102B800010BD00BFF27006202DE9F04106460F4649
:102B9000154694B202F004FBF060224639460B4819
:102BA00000F0B6F98046A4EB0804A4B200F076FD6C
:102BB00047443CB102F0F4FAF368C01AB368984293
:102BC000EBD32D1B2846BDE8F08100BFF270062034
:102BD0002DE9FF470646884617461C469DB202F07F
:102BE000DFFA0DF10E09F0602B463A4641460F48D8
:102BF000CDF8009000F0D4F9824600F04FFDBDF80A
:102C00000E30ED1AADB21F44BAF1000F04D0641BB0
:102C1000204604B0BDE8F087002DF9D002F0C0FADC
:102C2000F368C01AB3689842DED3F0E7F27006206A
:102C3000014800F047B900BFF270062008B503480C
:102C400000F02AF80028FADC08BD00BFB8710620A1
:102C5000044B4FF47A720021C3E90112024A1A6050
:102C6000704700BFC06E0620607801080023A0F8FE
:102C70008230A0F880307047B0F88230B0F8802001
:102C80009BB292B2981A7F30434203F07F0300F068
:102C90007F0058BF58427047B0F88030B0F88220AB
:102CA0009BB292B203F18000801A434203F07F038B
:102CB00000F07F0058BF58427047F8B5B0F8805018
:102CC000ADB2C5F18005954204460F46B0F88000CC
:102CD00016460CD914FA80F002F0FAFCB4F8802001
:102CE00016FA82F202F07F02A4F88020F8BD2A468C
:102CF00014FA80F002F0ECFC721B79192046EBE725
:102D0000B0F88020B0F8823092B29BB29A422BBFCA
:102D1000B0F88030B0F88230B0F88220C3F1800380
:102D200028BF9B1A9BB20B80A0F88430B0F8823089
:102D300010FA83F07047B0F88220B0F88430134462
:102D400003F07F03A0F8823070470023A0F8C23060
:102D5000A0F8C030C023A0F8C4307047B0F8C2203B
:102D600082B092B2ADF80620B0F8C010BDF80620CF
:102D700089B292B29142B0F8C020034692B21FD3FA
:102D80007F2A08D9B0F8C02092B2802A09D1BDF8B4
:102D9000062092B22AB1B3F8C00013FA80F002B054
:102DA0007047BDF8062092B2402A4FF00000F6D9D5
:102DB000B3F8C02092B2A3F8C420A3F8C000EAE799
:102DC000BDF80610403289B28A42E4D30020E6E71B
:102DD000B0F8C03011FA83F39BB2A0F8C030B0F85D
:102DE000C020B0F8C43092B29BB29A4224BFC02334
:102DF000A0F8C430B0F8C0309BB2BF2B84BF002312
:102E0000A0F8C0307047B0F8C03082B09BB2ADF8C7
:102E10000430B0F8C4309BB2ADF80630B0F8C22030
:102E2000BDF8043092B29BB29A4208D8BDF8043083
:102E3000B0F8C2209BB292B2981A02B07047BDF8A7
:102E40000630BDF80410B0F8C22089B292B211FA6F
:102E500083F0801AF1E7B0F8C02082B092B2ADF8EA
:102E60000420B0F8C42092B2ADF80620B0F8C21029
:102E7000BDF8062089B292B2914204BF0022A0F8A8
:102E8000C220B0F8C210BDF8042089B292B29142BB
:102E9000034614D0B0F8C22092B2511C89B2A0F8F7
:102EA000C210B3F8C210805CBDF8062089B292B29D
:102EB000914202D30022A3F8C22002B070474FF023
:102EC000FF30FAE7B0F8C03082B09BB2ADF8043002
:102ED000B0F8C4309BB2ADF80630B0F8C220BDF8EF
:102EE000063092B29BB29A4224BF0023A0F8C230AF
:102EF000B0F8C220BDF8043092B29BB29A421BBF18
:102F0000B0F8C2309BB24FF0FF30C05C02B07047E7
:102F100037B504460846B4F8C0309BB2ADF804306B
:102F2000B4F8C4309BB2ADF80630B4F8C210BDF8A6
:102F3000063089B29BB2994224BF0023A4F8C23064
:102F4000B4F8C210BDF8043089B29BB2994294BF64
:102F5000BDF80450BDF80650B4F8C230B4F8C21041
:102F6000ED1AADB2954228BF15462A4614FA81F1F2
:102F700002F0AEFBB4F8C23015FA83F39BB2A4F8AA
:102F8000C230B4F8C220BDF8063092B29BB29A4269
:102F900028BF0023284628BFA4F8C23003B030BDA4
:102FA000F7B51C46B0F8C030089D9BB2ADF80430B0
:102FB000B0F8C4309BB2ADF80630B0F8C260BDF8CE
:102FC0000630B6B29BB29E4224BF0023A0F8C230A6
:102FD000B0F8C260BDF80430B6B29BB29E4294BF56
:102FE000BDF80430BDF80630B0F8C260B0F8C27069
:102FF0009B1B9BB2A34228BF234610FA87F70024ED
:10300000A6B2B34211D82B80B0F8C22013FA82F3D3
:103010009BB2A0F8C230B0F8C220BDF8063092B220
:103020009BB29A4220D2002018E017F804C08C45C9
:1030300016D1B0F8C2309BB2013333449BB2A0F832
:10304000C230B0F8C220BDF8063092B29BB29A42AC
:1030500024BF0023A0F8C2302E80012003B0F0BDB1
:1030600002F804C00134CBE70023A0F8C230DAE74D
:10307000D0F8D43200EB830010B5D0F8C0428CB148
:10308000D0F8C4321BB194F80002FF2801D100200F
:1030900010BD9B6894F8012221469847FF2384F8CD
:1030A0000032F4E70320F3E70A2303800048704767
:1030B000B401002070B5832106460F4800F0AAFC39
:1030C000012105460C4800F0A5FC822104460A486F
:1030D00000F0A0FC0DB11022AA711CB14022227197
:1030E0000022627118B14022027100224271432312
:1030F0000148338070BD00BFB000002070B583214F
:1031000006460F4800F086FC012105460C4800F0F9
:1031100081FC822104460A4800F07CFC0DB110229B
:10312000AA711CB1402222710022627118B14022A2
:1031300002710022427143230148338070BD00BFF9
:10314000F400002070B5832106460F4800F062FCB1
:10315000012105460C4800F05DFC822104460A4826
:1031600000F058FC0DB11022AA711CB1002222718E
:103170000222627118B100220271022242714323BD
:103180000148338070BD00BF3801002038B5D0F849
:10319000D432B033044650F823508DB101F025F8F5
:1031A000D4F8D432C5F80C0204EB8304D5F8040239
:1031B000D4F8C43205F50371DB689847002038BDA8
:1031C0000320FCE7F8B5D0F8D46200EB86060A4687
:1031D000D6F8C05235B301F00F0C142707FB0C07CB
:1031E000BB698BB1D0F8C8424FF0240E0EFB0C44E3
:1031F000E469B3FBF4FC04FB1C332BB9BB611A4636
:1032000000F0E5FF0020F8BD0023C5F81432D6F821
:10321000C4321B69002BF5D0D5F8080205F50471FE
:103220009847EFE70320EEE7D0F8D432F7B500EB8C
:1032300083030022D3F8C0628DF8052004460D46B2
:10324000ADF80620002E65D091F800C01CF0600299
:1032500029D0202A5AD1CA884F78F2B11CF0800FA9
:103260000ED0D3F8C43231469B6838469847EA8876
:10327000072A28BF07223146204600F053FE09E006
:10328000402A28BF402286F8007286F80122314683
:1032900000F05DFE002003B0F0BDD3F8C432384624
:1032A0009B689847F6E74B780B2B2FD801A252F872
:1032B00023F000BFE5320108953201080D33010803
:1032C0000D3301080D3301080D3301080D330108DA
:1032D0000D3301080D3301080D330108F5320108E3
:1032E0000533010890F89C32032B0FD102220DF117
:1032F0000601C1E790F89C32032B07D101220DF1A2
:103300000501B9E790F89C32032BC3D0294620462B
:1033100000F0DCFD0320BEE738B50446002582211D
:1033200000F027FF0121A4F84C50204600F021FFB7
:10333000A4F878518321204600F01BFFD4F8D43242
:10334000256604EB8303D3F8C02252B1D3F8C4320C
:103350005B689847D4F8D432B03344F82350C4F8AB
:10336000BC52002038BD0000F8B52D4D04464FF486
:1033700007720021284602F02AF9D4F8D432B0337B
:1033800044F82350237CC4F8BC52CBBB4FF40073E9
:1033900082210222204600F0E2FE0121A4F84C1016
:1033A0004FF400730222204600F0D9FE01261023BC
:1033B0000322A4F8623083210823A4F87861204610
:1033C00000F0CDFED4F8D432A4F8606004EB83039F
:1033D0000027D3F8C432C5F804721B689847D5F8A3
:1033E0000422C5F81472C5F81872B2B1237C93B9DF
:1033F0004FF400733146204600F0F0FE0020F8BD87
:10340000402382210222204600F0A9FE0121A4F8D7
:103410004C104023C6E74023ECE70220EFE700BF53
:10342000D06E062039B1D0F8D43200EB8300C0F85A
:10343000C4120020704703207047D0F8D432B03354
:1034400050F823302BB1C3F80812C3F81022002023
:10345000704703207047D0F8D432B03350F823308F
:103460001BB1C3F804120020704703207047D0F846
:10347000D432B03310B550F823207AB1D2F81442C8
:1034800001236CB9C2F81432D2F810320364D2F8B6
:103490000822822100F09BFE204610BD0320FCE79D
:1034A0001846FAE7D0F8D422B03208B550F82220F6
:1034B00062B1037CD2F8042233B94FF400730121C6
:1034C00000F08CFE002008BD4023F8E70320FAE757
:1034D000D0F8D422B03208B550F8223033B10023EE
:1034E0001A46012100F07AFE002008BD0320FCE707
:1034F0000020704721280ED022281DD0202808D176
:10350000184B0A681A600A791A714A795A718A79CD
:103510009A7100207047134B1A680A701A68120AD1
:103520004A705A888A70DA78CA701A790A715A7998
:103530004A719B798B71ECE70B4A4B8812780B49E7
:10354000002A14BF1A46012202F001020A700A780A
:1035500012B1074A00211160064AC3F340031370F9
:10356000D7E700BFC0010020DD010020F170062078
:10357000EC700620F070062008B50948FFF776FBCE
:103580000848FFF7E2FB084B064801221A70FFF7D4
:10359000E5FB01460548FFF75EFF002008BD00BFC0
:1035A000B8710620F2700620DC010020407206206F
:1035B00010B50C4C22789AB90B490C4800F0A0F8D1
:1035C00070B90B49094800F0AEF848B909490748F5
:1035D000FFF728FF20B9054800F0BEF8012323704B
:1035E00010BD00BF3E72062010020020407206206F
:1035F0007C010020C80100200A4B10B51C6814B1E2
:10360000F6F7E6F9041B084B93F89C32032B07D11D
:10361000022C05D8054B1878C0B200F0010010BD8F
:103620000020FAE7EC70062040720620F1700620B8
:1036300037B50F4CD4F8BC32D3F81432ABB90D48BF
:103640000DF10601FFF75CFBBDF80630054663B1DE
:10365000F6F7BEF9084BBDF806201860294620464B
:10366000FFF7EBFE2046FFF702FF03B030BD00BFBF
:1036700040720620B8710620EC70062010B5054B8C
:10368000054800241C60FFF756FBFFF7D1FF2046DA
:1036900010BD00BFEC700620B871062038B50A4D89
:1036A0002B780BB1002038BD0848FFF757FB0146C7
:1036B0000028F7D0012406482C70FFF7CCFE044800
:1036C000FFF7F0FE2046EEE7DC010020F270062056
:1036D0004072062008B509880648FFF779FB064BBB
:1036E00000221A70FFF7DAFF10B90448FFF7F0FE66
:1036F000002008BDF2700620DC0100204072062088
:1037000078B10023C0F8B832C0F8C432C0F8D03263
:1037100009B1C0F8B412012380F89C32027000F0A5
:10372000E5BC0320704713B500230446ADF806300E
:1037300081B1CB6AC0F8B81223B10DF106009847E9
:10374000C4F8D002D4F8D8320133C4F8D8320020FB
:1037500002B010BD0320FBE700F0FABCD0F8B8328D
:103760000BB11B6818471846704708B5D0F8B83237
:103770005B689847002818BF032008BD38B5044689
:1037800000F2AA25284600F096FB012394F8AA121D
:10379000C4F89432B4F8B032C4F8983201F01F0380
:1037A000012B08D0022B0CD08BB929462046BDE84E
:1037B000384000F04DB929462046BDE8384000F0B9
:1037C000ABBA29462046BDE8384000F0D4BA2046BE
:1037D00001F08001BDE8384000F0D2BC70B504466D
:1037E000164609BBD0F89432032B0CD1D0E95732DE
:1037F00093420AD99B1A9A42C0F85C3128BF1A46F4
:10380000314600F0B1FB002070BD90F89C32032BD4
:1038100006D1D0F8B8321B6913B1C0F8D41298475A
:10382000204600F0A9FBEEE790F89C32032BEAD18A
:10383000D0F8B8329B69002BE5D00022BDE870407B
:10384000C0F8D422184770B5044616460D46002924
:103850003DD1D0F89432022B0ED1D0E907329342F9
:1038600012D99A1AC261314600F069FB2B462A46EA
:103870002946204600F0B2FC94F8A03213B1002390
:1038800084F8A032002070BD0CD18269934209D81F
:10389000D0F898329A4205D20A4600F050FBC4F89C
:1038A0009852E3E794F89C32032B08D1D4F8B8324D
:1038B000DB6823B10022C4F8D42220469847802137
:1038C000204600F05DFC204600F061FBD4E790F854
:1038D0009C32032BD6D1D0F8B8325B69002BD1D003
:1038E0000022BDE87040C0F8D4221847F8B5012383
:1038F00080F89C32D0F8B83200210446C0F8941207
:103900004160C0F8A41280F8A012B3B900260022CA
:103910004025114601274023204600F020FCA4F852
:103920006471C4F860512B4600228021204600F0CB
:1039300016FCA78425623046F8BD5B68002BE5D0F5
:1039400098470028E2D00326E1E701740020704781
:1039500090F89C32042B1EBF90F89C32DBB280F8AA
:103960009D32042380F89C320020704790F89C32EE
:10397000042B02BF90F89D32DBB280F89C3200200D
:10398000704708B590F89C22032A05D1D0F8B832C8
:1039900013B1DB6903B19847002008BDD0F8D422E9
:1039A000AE3208B550F822204AB190F89C32032B71
:1039B00001D1136A0BB9002008BD9847FBE703202B
:1039C000FAE7D0F8D422AE3208B550F822204AB136
:1039D00090F89C32032B01D1536A0BB9002008BD2B
:1039E0009847FBE70320FAE700207047012208B55B
:1039F00080F89C22D0F8B8220AB9002008BD52688D
:103A0000017990470028F8D00320F7E7002070479D
:103A10000020704710B5428803789A420AD904788A
:103A2000204423444478052C9BB2F6D184788C4200
:103A3000F3D110BD0020FCE710B58021044600F052
:103A40009FFB20460021BDE8104000F099BB00001C
:103A500073B50B7803F06003202B04460D4609D0A4
:103A6000402B07D093B12046FFF7E6FF00252846FC
:103A700002B070BDD4F8D432AE33294654F82330A6
:103A80009B68204602B0BDE8704018474B78092B70
:103A9000E9D801A252F823F0B73C0108FB3C010829
:103AA000673A0108DF3C0108673A0108B13B0108A9
:103AB000C13A0108673A01088B3C0108F33B010851
:103AC00049880023ADF806300B0A013B062BCAD803
:103AD00001A252F823F000BFF53A0108273B010884
:103AE000413B0108673A0108673A0108833B010836
:103AF000993B0108D0F8B4321B68207C0DF1060117
:103B00009847EA88002A00F0A380BDF80630002B11
:103B1000A9D09A4228BF1A46ADF806200146204691
:103B200000F000FAA2E7027CD0F8B83232B99B6A02
:103B30000DF10600984702234370E2E7DB6AF7E7DE
:103B4000C9B2D0F8B432052912D8DFE801F0030772
:103B5000090B0D0F5B68002BCFD184E79B68FAE758
:103B6000DB68F8E71B69F6E75B69F4E79B69F2E756
:103B7000DB69002B3FF477AF0DF10602007C98471C
:103B8000BFE7037C002B7FF46EAFD0F8B8320DF1A5
:103B900006005B6B9847B4E7037C002B7FF463AFB0
:103BA000D0F8B8320DF106001B6B98470723C3E726
:103BB0008B88002B7FF457AFCB88002B7FF453AF5B
:103BC0004D887F2D3FF64FAF90F89C32032B3FF48A
:103BD0004AAFEDB280F89E52294600F0F1FA204635
:103BE00000F0CAF91DB1022384F89C323EE701239C
:103BF000FAE78978474D0129297003D9FFF71CFF9F
:103C0000032534E790F89C32022BDEB208D0032E55
:103C100017D0FFF711FF29782046FFF7A6FDEFE741
:103C2000B1B101214160FFF799FD0546204625B15C
:103C3000FFF702FF84F89C6219E700F09DF9032367
:103C4000D2E749B9022380F89C324160FFF78DFD2D
:103C5000204600F091F909E741680129F8D0C9B27E
:103C6000FFF783FD297861602046FFF777FD054661
:103C70000028EDD02046FFF7DFFE21792046FFF730
:103C800074FD022384F89C32F1E6CA88012A7FF48D
:103C9000EAAE90F89C120229CBB207D8002B3FF471
:103CA000E2AE0146002341F8083F38E7032B7FF4DA
:103CB000DAAE011D33E790F89C32013B022B3FF650
:103CC000D2AECA88022A7FF4CEAED0F8A432014622
:103CD000002B0CBF0123032341F80C3F1FE74B8847
:103CE000012B02D1C4F8A432B2E7022B7FF4BBAEA1
:103CF0008B881B0A80F8A032AAE790F89C32013B1F
:103D0000022B3FF6B0AE4B88012B7FF4AFAE002301
:103D1000E8E700BF1C75062070B50B7803F0600261
:103D20005B0604460E4601D5402A1FD194F89C320A
:103D3000013B022B1AD831790229204617D8FFF708
:103D400065FE88B9D4F8B8329B686BB1C4F8D40268
:103D50003146204698470546F3881BB915B92046D9
:103D600000F00AF9284670BD0325F5E72046FFF765
:103D700063FE0025F6E770B50B788A880D7903F0AD
:103D80006003202B04460E4657D0402B55D01BB164
:103D90002046FFF751FE3CE04B78012B3BD0032B34
:103DA00024D0002BF4D190F89C32022BD9B260D0F1
:103DB0000329EDD105F00F0312F0800F4FF014022C
:103DC00002FB030364D09B8C002BE1D005F07F0342
:103DD000142603FB0666802D064465D0294620463E
:103DE00000F0DCF9002864D001235EE090F89C32FA
:103DF000022BDAB233D0032ACAD14B8833B9690611
:103E000004D0F38813B9294600F0BAF9204600F02F
:103E1000B3F8002070BD90F89C32022BDAB21ED0AD
:103E2000032AB5D14B88002BF3D16B0602D029466B
:103E300000F0ADF9204600F09FF829462046FFF734
:103E4000E7FD0028E5D1D4F8B832C4F8D4029B6865
:103E5000002BDED031462046BDE8704018476A0688
:103E600096D0294600F08CF98021204600F088F990
:103E7000CFE769068CD113064CBF00F1140100F5A1
:103E8000AA7100230B600222204600F04BF8C0E725
:103E9000B3F86431002B3FF47BAF142606FB050614
:103EA00006F5AA76002D99D100233360022231460F
:103EB000EAE73060FAE70B7803704B7843704B8881
:103EC00043808B888380CB88C380704710B5802166
:103ED000044600F055F920460021BDE8104000F0EE
:103EE0004FB970B50D461646044698B1ECF772F915
:103EF000C0B20130430080288CBF4FF480739BB266
:103F000033802B7003236B70013C0223002114F8D3
:103F1000012F02B970BDEA545A1CD2B20233A9541F
:103F2000DBB2F4E710B513460222C0E90633C0F84D
:103F300094220A46002100F04AF9002010BD08B57D
:103F400013460A46002100F042F9002008BD10B5D2
:103F500013460322C0E95633C0F894220A460021D2
:103F600000F03CF9002010BD08B513460A460021B8
:103F700000F034F9002008BD08B504220023C0F881
:103F8000942219461A4600F022F9002008BD08B50F
:103F900005220023C0F8942219461A4600F01EF9A3
:103FA000002008BD37B50446F8F7F2FD2368B3F1E9
:103FB000A04F22D1124D03E0A968FDF709FE0C3590
:103FC0002868431CF8D10F4BDA6C42F48052DA6453
:103FD000DB6C03F480530022019301214320019BF9
:103FE000F6F754FA4320F6F783FAE37A012B01BF80
:103FF000054A136843F40033136003B030BD00BFBB
:10400000AC780108001002400004014000F29C411D
:10401000D0F8E004FFF7B2BB242303FB0103D0F880
:10402000E004D3F86022FFF7D9BB242303FB01038C
:10403000D0F8E0041A6AFFF706BCD0F8E004FFF7F6
:10404000A0BC10B50446D0F8E004FFF74FFCD4F84C
:10405000E0040121BDE81040FFF777BC10B504462D
:10406000D0F8E004FFF774FC2268D2F8003E43F079
:104070000103C2F8003EE37A23B1034A136943F017
:104080000603136110BD00BF00ED00E010B5C37A58
:10409000044633B100F038F9084A136923F00603E7
:1040A00013612268D4F8E004D2F8003E23F0010343
:1040B000BDE81040C2F8003EFFF758BC00ED00E03C
:1040C000D0F8E004FFF77DBCD0F8E004FFF766BC51
:1040D000D0F8E004FFF788BCD0F8E004FFF786BC16
:1040E0000148F8F7A3B900BF2075062070B5164C3B
:1040F000054600F0F9F8042323714FF0A043236034
:104100004FF40073E380A360C4F8E0540023C5F8C3
:10411000C8422046E3602374F7F7E0FF00B1FEE7F2
:104120000A4D2046A988F8F7AAFC0126AA8955F865
:10413000081F204601F00F010136F8F781FC052E1B
:10414000F4D1002070BD00BF2075062084780108DE
:1041500008B5D0F8C802F8F732F8002008BD10B54D
:104160001446D0F8C8021A462346F8F757F800203C
:1041700010BD08B5D0F8C802F8F785F8002008BDD2
:1041800008B5D0F8C802F8F7DCF8002008BD08B57B
:10419000D0F8C802F8F70BF9002008BD11F0800F25
:1041A000D0F8C8324FF024021BBF01F07F0102FBA0
:1041B000013302FB0133987D08BF93F85602704724
:1041C00008B5D0F8C802F8F716F8002008BD08B501
:1041D000D0F8C802F8F7A0F8002008BD08B5D0F85C
:1041E000C802F8F77AF8002008BDD0F8C802F8F73E
:1041F0008BB80000122301480B807047FC0100209F
:10420000042301480B807047F801002000487047E4
:10421000047A0620002370B54D1C1E46040FB0F131
:10422000204F34BF3034373401F8134005F81360A1
:104230000133DCB2A2424FEA0010EFD870BD00009B
:104240001A2310B50B800A4BD3F89005D3F89825A4
:1042500080180AD0D3F8944506490822FFF7DAFF00
:10426000042210312046FFF7D5FF034810BD00BFE0
:104270000070FF1FE0010020DE01002008B50A46A3
:1042800002480349FFF72DFE014808BD4B690108AC
:10429000047B06200A4608B5044920B90448FFF704
:1042A00020FE024808BD0348F9E700BF047B062052
:1042B000536901086A69010808B50A4602480349BA
:1042C000FFF70FFE014808BD81690108047B062045
:1042D00008B50A4602480349FFF703FE014808BD36
:1042E00094690108047B062008B54FF0A040FCF754
:1042F000CCFE0A2000F056FFBDE808404FF0A04079
:10430000FCF7B5BEFFF754B908B5FDF7A7FABDE84D
:10431000084000F061B8000030B5002387B0CDE957
:10432000013302230393144BB3F8E0359B08013BA0
:10433000049301230593F6F71BFBD8B90F4B9A6939
:1043400042F070429A614CF2FA321A6101A902A855
:10435000F6F712FC60B90A4D0A4CF5E80223214633
:104360000020F6F74BFB18B90834B4F1026FF4D112
:10437000F6F710FB07B030BD0070FF1F00200240B1
:10438000087C062000F01F08014B1954FFF7C4BF3A
:10439000087C062010B50E4B0E48DA6C42F0100275
:1043A00086B0DA64DB6C03F010030093009B0023FB
:1043B0000124049301A9502301930294F6F74AFCC7
:1043C000BDF8041003482246F6F71AFD06B010BDEA
:1043D000001002400010004830B5BDB0442200215A
:1043E00006A8142501F0F3F82A46002101A801F0DF
:1043F000EEF89422002117A801F0E9F80020F8F760
:104400006FFB044600B1FEE7F8F752FB1F4AD2F8F3
:10441000903023F0180343F00803C2F89030B02323
:1044200001220E930223CDE90C24CDE9103206249B
:1044300008921E22CDE9124206A80524CDE91443B4
:1044400006951693F8F73CFC00B1FEE70F21032315
:10445000CDE90113CDE903000590214601A8F8F745
:10446000D5FE00B1FEE70A4B17934FF04053379348
:104470003A904FF0406317A8CDE93433F9F76AF961
:1044800000B1FEE7F9F792FD3DB030BD00100240EB
:1044900000600801B0F85431B0F85021981A00F0CB
:1044A0003F007047B0F85431B0F850219BB29342AE
:1044B0001ABFD0F84831985C4FF0FF30704790F841
:1044C0005231B0F85601C0B2834227BFC3F13F0357
:1044D000C018C01A00F1FF30704707B503688DF8A7
:1044E00007105B6801220DF10701984703B05DF8E2
:1044F00004FB13B50DF107010446FDF7D9FE90B991
:10450000B4F8C030B4F8BC20013303F03F03934249
:1045100009D0B4F8C020D4F8B4109DF8070092B2C6
:104520008854A4F8C03002B010BD0000B0F8C2201A
:10453000D0F8C41011FA82F202F03F0210B5A0F8D0
:10454000C220B0F8C210B0F8BE2089B28A421BD097
:10455000B0F8C240B0F8C210A4B24032121B5442AC
:1045600089B204F03F0402F03F02C1F1400158BF9C
:1045700062428A4228BF0A46C0F8C4200349FDF7B8
:10458000D3FE4FF0FF3010BD0020FCE72D450108A1
:104590002DE9F843036804469B6888461646984709
:1045A00001232374D4F83831B4F8527101338146B1
:1045B000C7F1400709D194F85D3133B1002384F885
:1045C0005D3104F19400FDF7D1FE236820469B681D
:1045D00098470028F9D03546BD4225D84D4523D807
:1045E000B4F85231D4F84C015A19402A184430D842
:1045F0002A46414601F06CF82F46B4F852311D446A
:1046000005F03F05A4F8525104F194052846FDF742
:104610003DFE30B91649C4F858713A462846FDF7B0
:1046200083FE3046BDE8F8834F45236828BF4F46D8
:104630003A4641465B6820469847236820469B6877
:104640009847ED1BB844B4F852718146C7F1400752
:10465000C2E7C3F140073A46414601F039F8D4F8C1
:104660004C01EA1B08EB070101F032F8C5E700BF77
:104670002D450108C0F83C31009BC0F84031914203
:1046800008BF4FF0FF3100F11403C0E94D21C0F81D
:10469000483100F154020023A0F85431C0E95323FB
:1046A000A0F856317047037C70B504460D46A3B19F
:1046B000F5F78EF90646B4F85221B4F856319BB29C
:1046C0009A420AD0002DF8D0F5F782F9801B854276
:1046D000F1D8B4F85631A4F8523170BD0021FFF77B
:1046E000E2BF0000CBB24A2B08D80E4A52F8233062
:1046F00001F4E0611943C0F83811704701F0C002BD
:10470000C02A0CD1CF2B0AD8074B01F03F0201F48D
:10471000E06153F82220034B53F82230EAE74FF0D0
:10472000FF31E8E7587F0108187F0108CBB24A2B18
:1047300008D80E4A52F8233001F4E0611943C0F85A
:104740003411704701F0C002C02A0CD1CF2B0AD817
:10475000074B01F03F0201F4E06153F82220034BC4
:1047600053F82230EAE74FF0FF31E8E7587F0108BD
:10477000187F0108F7B54FF47A7316460022C0E996
:1047800001231E4B03604FF0FF33C0F838311C4B40
:10479000994204460D4615D1C521FFF7A3FFC42158
:1047A000FFF7C4FF012E4FF0FF3308BFC4F83831C4
:1047B00000932046D4E94D214FF0FF33FFF75AFF15
:1047C00003B0F0BD0F4F1049B86EFDF7A7FA854250
:1047D00006D17B6EC4F83831BB6EC4F83431E1E7E2
:1047E0000A492846FDF7ABFA0749C4F838012846BC
:1047F000FDF7A5FAC4F83401D4E700BFA080010892
:1048000000480040587F01087C7B0108E07A0108DD
:10481000D0F83831013310B504460ED10368DB6897
:10482000984794F85D3143B9012384F85D3104F170
:104830009400BDE81040FDF7A9BD10BD7FB502F0A2
:104840000703023BDBB2042B0446C0F8601180F87A
:104850005E219CBF1B48C05C02F0300388BF002073
:10486000302B24D101304FF4C0630738022825D8FB
:10487000E67C0396A67C0296C2F3C0025203667CD5
:104880000092114A019604F1940552F8202028461E
:10489000FDF7C6FE84F85C0188B12046FFF7B8FF3B
:1048A0000A49284604B0BDE87040FDF71DBD12F06E
:1048B00020031CBF01304FF48063D6E7FEE704B04D
:1048C00070BD00BF9080010884800108F344010896
:1048D00010B50446FFF79CFFB4F85421B4F85031EA
:1048E00092B29A421FBFD4F84821D05C013303F042
:1048F0003F0314BFA4F850314FF0FF3010BD00004B
:10490000024903480022FFF735BF00BF00380140CD
:10491000088C06202DE9F04106460D468F180C46FE
:10492000BC4202D1601BBDE8F0813368A0461B6821
:1049300018F8011B304698470028F3D04446EFE7AB
:1049400070B505460C46084649B1EBF743FC2B68A9
:104950000246214628465B68BDE87040184770BD96
:1049600008B5FFF7EDFF08BD08B50249FFF7E8FFFE
:1049700008BD00BFAA69010838B50546FFF7E0FF8A
:1049800004462846FFF7F0FF204438BDFFF7F4BF88
:1049900010B5044600F004FCE060236820465B6923
:1049A0009847002808DA00F0FBFBE368C01AA36808
:1049B0009842F2D34FF0FF3010BDF8B507460D46D0
:1049C0008E180C46B44201D1601BF8BD3846FFF783
:1049D000DFFF431CF8D004F8010BF3E72DE9F041A9
:1049E0000746884616461D4673B100243846FFF731
:1049F000CFFF431C05D0404503D030550134A542BC
:104A0000F4D12046BDE8F0811C46FAE7104803685F
:104A1000C3F30312082A10B517D80E4951F8222003
:104A20009AB141680C4C03F00F03002954F823306D
:104A30000CD0C4BF01F1FF314160516901EA0300AC
:104A400023EA010343EA0043936110BD9362FCE74C
:104A5000300200205C000020B87701084A282DE9C8
:104A6000FF410E46144622D8324B53F82050324FA5
:104A70003B6843B9B420FCF773FB30498046FBF731
:104A80000FFEC7F80080681C50D02D4B1A68511CCF
:104A900001D0AA424AD1B6F5803F47D2CEB9386894
:104AA000002843D004B0BDE8F041FBF72EBA00F077
:104AB000C003C02B0AD1CF2808D8224B00F03F00FA
:104AC00053F820201B4B53F82250D0E74FF0FF350E
:104AD000CDE776001D6034B374434FF47A72B4FBB3
:104AE000F2F4012128465C60FDF772F83868022272
:104AF0003146FBF7D7FC00230193134B0093134B74
:104B000003933868124B02936946FBF710FE029B31
:104B10001BB10322694668469847386804B0BDE86F
:104B2000F041FBF7E0BA4FF0FF34DAE704B0BDE83C
:104B3000F08100BF587F01086C8D062000100040F6
:104B400030020020187F01080D4A01089166000814
:104B5000716600084A2838B523D81B4B53F820301B
:104B60005A1C1DD0194D2A689A4219D1184C206838
:104B7000B0B129B3FBF70AFD2868431C05D000211A
:104B8000FDF726F84FF0FF332B60256835B1284636
:104B9000FBF7FAFBB4212846FCF7E4FA0023236074
:104BA00038BD00F0C003C02BFAD1CF28F8D8094B8C
:104BB00000F03F0053F82020034B53F82230CFE79A
:104BC000BDE83840FBF7A1B9587F0108300200204A
:104BD0006C8D0620187F01087FB5C3B24A2B0D46A5
:104BE00028D8214951F8234000F4E0600443022A08
:104BF00034D0032A35D0002A14BF4FF488164FF45E
:104C000004160023CDE90033CDE90233AB683BB194
:104C10000222294668469847EB680393AB680293E3
:104C2000324669462046FCF773FE6846F2F7ACFB55
:104C300004B070BD00F0C001C0290CD1CF2B0AD840
:104C40000A4B00F03F0100F4E06053F82110064BDE
:104C500053F82140CAE74FF0FF34C8E74FF4441639
:104C6000CFE74FF40416CCE7587F0108187F0108FE
:104C700008B50320F5F7F8FBBDE8084000F0BABA24
:104C800008B5FFF787FBF1F73FFDF1F701FF00F0F3
:104C900097FAFAE7C0F30312082A10B503460ED8B4
:104CA000084A0020D9B252F8044B8C4203D103F4D5
:104CB000E063184310BD01304B28F4D1FAE74B20D4
:104CC000F8E700BF587F010810F0F00130B5024648
:104CD00018D1C4B200F4E0632F4850F82400034315
:104CE000C0B24A2830D903F0C004C02C01D1CF286B
:104CF00033D9A2F1D003022B94BF02F631704FF0EA
:104D0000FF3029E000F0C003C02BF2D1C4B2CF2C99
:104D1000EFD800F03F0500F4E0631F4850F825008D
:104D20000343C0B24A280FD903F0C003C02BE0D11F
:104D3000CF2CDED8184802F03F0402F4E06350F8AC
:104D400024000343C0B2D2E7144951F8200003F411
:104D5000E0631843431CCCD030BD03F03F030E4842
:104D600050F823400D4B53F8243041B9D1B250F8DC
:104D70002110114301F4E06143EA0100EAE702F087
:104D8000C001C02905D1D1B2CF2902D802F03F011C
:104D9000EDE74FF4E061EFE7187F0108587F010865
:104DA000DFF834D0FCF7ECFF0C480D490D4A002326
:104DB00002E0D458C4500433C4188C42F9D30A4AD0
:104DC0000A4C002301E013600432A242FBD300F03E
:104DD00051FCFFF755FFFEE700000A20000000200D
:104DE0009C02002004820108A0020020DC8E062024
:104DF000FEE791420FD008D9891A01238B409842CF
:104E000008D30130C8400138704720B10130521A30
:104E10009040F8E70020704710B5FFF755FF431C9E
:104E20000AD0064C2168FCF71DFB054B21681A6867
:104E3000BDE81040FFF7DDBF002010BD4402002098
:104E400048020020C3B24A2B2DE9F04105460E4628
:104E50002DD83D4A52F8233000F4E0641C43671C0F
:104E60006FD03A493A4F2046FCF7A3FE80B3C4F313
:104E70000311384A52F8210004F00F0320FA03F519
:104E8000ED075FBF012505FA03F3034342F8213024
:104E9000304639684FF00C0248BF0025FFF7A9FFE4
:104EA0002A4601462046BDE8F041FCF739BA00F039
:104EB000C002C02A45D1CF2B43D8274B00F03F0278
:104EC00000F4E06453F822201F4B53F82230C5E76A
:104ED00022492046FCF76DFE8046F8B1C4F3031169
:104EE0001C4A52F8210004F00F0520FA05F3DB07F5
:104EF0005FBF0123AB40034342F82130184B3968B0
:104F00001D6830462A46FFF774FF16490246EBB289
:104F100020460968BDE8F041FCF7B6BB28460121F0
:104F200000F022F8396830460822FFF762FF7F2838
:104F300098BF4146284688BF0121BDE8F04100F0F6
:104F40007DB8BDE8F08100BF587F0108287E0108C8
:104F500040020020708D0620187F01080C7C01089B
:104F60003C02002038020020C3B24A2B2DE9F04158
:104F70000D462AD82C4A52F8233000F4E0641C4332
:104F8000621C4ED0294EC4F3031704F00F0856F8E4
:104F9000273023FA08F3DB0710D525492046FCF714
:104FA00008FE18B32046FCF70DFA56F82730012208
:104FB00002FA08F223EA020346F82730052D1FD82B
:104FC000DFE805F01F2B2527292D00F0C002C02A9D
:104FD00027D1CF2B25D8174B00F03F0200F4E06417
:104FE00053F82220104B53F82230C8E712492046CC
:104FF000FCF7DFFD0028D8D02046FCF795FBD4E76E
:10500000FEE700212046BDE8F041FCF7E1BD10219C
:10501000F8E72021F6E70321F4E70121F2E709216F
:10502000F0E7BDE8F08100BF587F0108708D0620D1
:10503000287E0108187F01080C7C0108C3B24A2BA6
:1050400019D8164A52F8233000F4E0601843431C84
:1050500023D0C0F30313082B98BF114A00F00F00B0
:1050600098BF52F823300F4A88BF002352F82020FF
:1050700091B19A61704700F0C002C02A0DD1CF2BC8
:105080000BD8094B00F03F0200F4E06053F82220F7
:10509000024B53F82230D9E79A627047587F0108D3
:1050A0005C000020B8770108187F0108C3B24A2BC2
:1050B00019D8184A52F8233000F4E0601843431C12
:1050C00022D0C0F30313082B20D8134A00F00F009E
:1050D00052F82320114B126953F8203093430CBF30
:1050E00001200020704700F0C002C02A0CD1CF2B55
:1050F0000AD80B4B00F03F0200F4E06053F8222086
:10510000044B53F82230D9E70020704700231B6975
:10511000FFDE00BF587F01085C000020B87701085F
:10512000187F0108C3B24A2B1CD8194A52F8233001
:1051300000F4E0601843431C28D0C0F30313082B8D
:1051400021D8144A00F00F0052F82320124B516965
:1051500053F8203003EA010023EA010343EA004345
:105160009361704700F0C002C02A0FD1CF2B0DD839
:105170000A4B00F03F0200F4E06053F82220044B99
:1051800053F82230D6E700235B69FFDE704700BF8B
:10519000587F01085C000020B8770108187F0108DB
:1051A000FCF7EEBA38B5044648B1FCF7E9FA054613
:1051B00000F022F8FCF7E4FA431BA342F8D338BD11
:1051C00008B5084B2BB10848FFF764F908B1AFF3F5
:1051D0000080064B2BB10648FDF7C4FC08B1AFF3C5
:1051E000008008BD00000000088C062000000000C0
:1051F000C06E0620FCF772BB70470000024B0146F0
:10520000186800F02DB800BF4C020020024B014688
:10521000186800F06BBA00BF4C02002070B50F4E4A
:105220000C463168054611B900F00EFA306021468F
:10523000284600F009FA431C03D14FF0FF34204602
:1052400070BDC41C24F00304A042F8D0211A2846E3
:1052500000F0FAF90130F2D1EFE700BF948D06209B
:105260002DE9F843CD1C25F0030508350C2D38BF7A
:105270000C25002D064601DBA94204D90C2333601E
:105280000020BDE8F883DFF8D48000F069F8D8F892
:1052900000301C4644BB29463046FFF7BFFF431C85
:1052A000044658D1D8F800402746002F43D1002C9F
:1052B0004BD023683946304604EB030900F0C4F9AB
:1052C000814542D121686D1A29463046FFF7A6FF75
:1052D00001303AD023682B442360D8F800305A6854
:1052E00062BBC8F800700FE02268521B20D40B2A62
:1052F00017D96119A342256018BF5960636808BFB8
:10530000C8F8001062514B60304600F02FF804F1ED
:105310000B00231D20F00700C21A1CBF1B1AA3504C
:10532000AFE76268A3420CBFC8F800205A60EBE701
:1053300023466468AEE73C467F68B6E71A465B687A
:10534000A342FBD100235360DEE70C2333603046D9
:1053500000F00CF894E70560D6E700BF988D0620B2
:10536000014800F0ABB900BFD88E0620014800F01C
:10537000A6B900BFD88E0620024B0A46014618681F
:1053800000F002B84C0200202DE9F0410746144617
:105390000D4621B9BDE8F0411146FFF761BF2AB9BA
:1053A00000F0A4F925462846BDE8F08100F0E8F9B0
:1053B0008442064602D8B4EB500FF4D82146384652
:1053C000FFF74EFF804608B94546ECE7B442224657
:1053D000294628BF324600F07BF92946384600F0BE
:1053E00085F9F1E7242B2DE9F0478646904601D850
:1053F000012B06D100F038F9162303600020BDE828
:10540000F08734480D462A4615F8014B065D16F024
:105410000806F8D12D2C10D12C780126951C33F0DC
:10542000100215D1302C0DD12A7802F0DF02582A53
:1054300008D16C78023510230AE02B2C04BF2C789D
:10544000951CECE7002BF6D1302C14BF0A2308235F
:1054500006F1004C0CF1FF3C0022BCFBF3F91046B6
:1054600003FB19CAA4F13007092F0FD83C46A34209
:105470001BDD571C07D0814514D301D1A24511DB98
:1054800000FB0340012215F8014BEBE7A4F14107B3
:10549000192F01D8373CEAE7A4F16107192F04D886
:1054A000573CE4E74FF0FF32EDE7531C08D12223CD
:1054B000CEF800306046B8F1000FA0D0691E06E0BB
:1054C00006B14042B8F1000F99D0002AF6D1C8F8D1
:1054D000001094E7C580010813460A4601460248B9
:1054E0000068FFF77FBF00BF4C0200200CB430B54E
:1054F000184B0C1E1D689DB008DA8B232B604FF0F3
:10550000FF301DB0BDE8304002B070474FF4027369
:10551000ADF814304FF000031B9314BF04F1FF33B8
:105520002346049307934FF6FF7302900690ADF85D
:105530001630209A21AB02A92846019300F088F981
:10554000431CBCBF8B232B60002CDAD0029B0022B3
:105550001A70D6E74C0200200EB410B59DB01FABF8
:10556000029006906FF000410A48079104910A49A1
:1055700053F8042B0591002402A9006801931B94A1
:1055800000F066F9029B1C701DB0BDE8104003B02E
:10559000704700BF4C0200200802FFFF884210B590
:1055A00001EB020402D98442234607D8431EA142DC
:1055B00007D011F8012B03F8012FF8E702448242CB
:1055C00000D110BD13F8011D02F8011DF7E70244D8
:1055D0000346934200D1704703F8011BF9E710B569
:1055E0000246147813460132002CFAD1013B11F81F
:1055F000012B03F8012F002AF9D110BD10B56AB1B3
:105600000139841810F8012B11F8013F9A4203D197
:10561000A04201D0002AF5D1D01A10BD1046FCE7F7
:1056200010B50139034632B111F8014F03F8014BAF
:10563000013A002CF7D11A440021934200D110BD49
:1056400003F8011BF9E7000038B5064D00230446B6
:1056500008462B60FDF72AFA431C02D12B6803B1E0
:10566000236038BDD48E0620014B1868704700BFF8
:105670004C02002070B50D4B0D4D5B1B9C1000269D
:10568000A64209D100F05AFD0A4D0B4B5B1B9C1042
:105690000026A64205D170BD55F8043B9847013657
:1056A000EEE755F8043B98470136F2E7D081010850
:1056B000D0810108D0810108F4810108704770474A
:1056C000034611F8012B03F8012B002AF9D170478A
:1056D0000A44914200F1FF3300D1704710B511F830
:1056E000014B03F8014F9142F9D110BD38B5054681
:1056F000002941D051F8043C0C1F002BB8BFE4181E
:10570000FFF72EFE1D4A136833B963601460284604
:10571000BDE83840FFF72ABEA34208D92068211807
:105720008B4201BF19685B6809182160EDE71A46D2
:105730005B680BB1A342FAD911685018A0420BD193
:1057400020680144501883421160E0D118685B68FA
:10575000536008441060DAE702D90C232B60D6E7C7
:10576000206821188B4204BF19685B68636004BF1E
:10577000091821605460CAE738BD00BF988D062023
:1057800051F8043C181F002BBCBF0B58C0187047C1
:105790002DE9F0478E681F46BE4282460C46904671
:1057A000334653D8B1F90C0010F4906F2BD06569D3
:1057B0002368096905EB4505A3EB010905EBD575E0
:1057C0007B1C6D104B44AB422A4684BF1D462A46C3
:1057D000430527D511465046FFF742FD064658B30C
:1057E00021694A46FFF774FFA38923F4906343F0CD
:1057F0008003A381266165614E44A5EB09052660FF
:10580000A5603E463B461F4620683A464146FFF7A4
:10581000C5FEA3689B1BA36023683B442360002054
:10582000BDE8F0875046FFF7AFFD06460028E1D1FE
:1058300021695046FFF75AFF0C23CAF80030A389AC
:1058400043F04003A3814FF0FF30E9E73E46DBE73A
:105850002DE9F04F98468B891B069DB007460D46F3
:10586000144610D50B6973B94021FFF7F9FC286085
:10587000286130B90C233B604FF0FF301DB0BDE80C
:10588000F08F40236B610023099320238DF829308A
:10589000CDF80C803023DFF89C818DF82A304FF052
:1058A000010923469A4613F8012B0AB1252AF9D19A
:1058B000BAEB040B0BD05B46224629463846FFF76D
:1058C00067FF013000F0A780099A5A4409929AF8BC
:1058D0000030002B00F09F8000234FF0FF32CDE915
:1058E00005230AF1010A049307938DF853301A93A4
:1058F0005446052214F8011B4E48EAF779FC049A35
:10590000D8B9D00644BF20238DF85330110744BFC7
:105910002B238DF853309AF800302A2B15D0079A94
:10592000544600204FF00A0C214611F8013B303B51
:10593000092B4BD9B0B1079214E0A0EB080309FA88
:1059400003F313430493A246D2E7039B191D1B687C
:105950000391002BBBBF5B4242F002020793079307
:10596000B8BF049223782E2B0AD163782A2B32D128
:10597000039B1A1D1B68039243EAE37302340593E9
:10598000DFF8C0A0217803225046EAF731FC38B195
:10599000049BA0EB0A00402282401343013404938D
:1059A00014F8011B24488DF828100622EAF720FC81
:1059B000002836D0214B1BBB039B073323F0070382
:1059C00008330393099B334409936AE70CFB0232C3
:1059D0000C460120A8E700230134059319464FF037
:1059E0000A0C204610F8012B303A092A03D9002B63
:1059F000C6D00591C4E70CFB012104460123F0E762
:105A000003AB00932A460E4B04A93846AFF300803F
:105A1000421C0646D6D1AB895B063FF52DAF0998EF
:105A20002CE703AB00932A46054B04A9384600F047
:105A300079F8EDE7AD690108B769010800000000D9
:105A400091570108B36901082DE9F04716469846B9
:105A50008A680B69DDF820909342B8BF1346336023
:105A600091F8432007460C460AB10133336023689E
:105A7000990642BF336802333360256815F0060586
:105A800006D104F1190AE36832689B1AAB4226DC9E
:105A900094F843302268003B18BF012392062BD4B0
:105AA00004F1430241463846C84701301ED02368FE
:105AB000226903F00603042B02BFE5683368ED1A80
:105AC000A3680CBF25EAE57500259342C4BF9B1A65
:105AD000ED1800261A34B5421AD1002008E001233F
:105AE000524641463846C847013003D14FF0FF3097
:105AF000BDE8F0870135C6E7E1185A1C302081F86F
:105B00004300224494F8451082F843100233C7E75B
:105B10000123224641463846C8470130E6D00136C7
:105B2000D9E700002DE9FF470F7E0C9E782F9146A4
:105B300080460C469A4601F1430207D8622F0AD8E4
:105B4000002F00F0D280582F00F0B78004F14206F9
:105B500084F842703AE0A7F16303152BF6D801A14F
:105B600051F823F0BD5B0108D15B01084D5B0108D2
:105B70004D5B01084D5B01084D5B0108D15B0108DD
:105B80004D5B01084D5B01084D5B01084D5B010851
:105B9000D15C0108FB5B0108875C01084D5B0108D3
:105BA0004D5B0108F35C01084D5B0108FB5B0108DC
:105BB0004D5B01084D5B01088F5C010833681A1DBD
:105BC0001B68326004F1420684F8423001239DE0F4
:105BD00033682068191D3160060601D51D6803E091
:105BE0004506FBD5B3F90050002D03DA2D236D4295
:105BF00084F8433059480A2310E0216833680806C6
:105C000053F8045B02D4490648BFADB26F2F534826
:105C1000336059D10823002184F843106668A660D8
:105C2000002E05DB21682E4321F0040121604DD0B8
:105C30001646B5FBF3F103FB1157C75D06F8017D6E
:105C40002F46BB420D46F4D9082B0BD12368DF0742
:105C500008D5236961689942DEBF302306F8013C0C
:105C600006F1FF36921B2261CDF800A04B4603AA35
:105C700021464046FFF7E8FE01304CD14FF0FF309F
:105C800004B0BDE8F087236843F020032360344864
:105C9000782784F84570236831681F0651F8045B43
:105CA00002D45F0648BFADB23160D90744BF43F0AC
:105CB000200323601DB11023ADE72848E9E72368DE
:105CC00023F020032360F6E70A23A4E71646BBE788
:105CD000336825686169181D30602E061B6801D580
:105CE000196002E06806FBD519800023236116467F
:105CF000BAE733681A1D32601E68626800213046B8
:105D0000EAF776FA08B1801B6060636823610023BC
:105D100084F84330A8E72369324649464046D047D5
:105D20000130ABD023689B0713D4E068039B9842F3
:105D3000B8BF1846A4E70123324649464046D0473B
:105D400001309BD00135E36803995B1AAB42F2DC6A
:105D5000EBE7002504F11906F5E700BFBE6901086D
:105D6000CF69010808B5062000F02CF80120FCF7E7
:105D7000BBFE1F2938B505460C4604D9162303601F
:105D80004FF0FF3038BDC26B12B152F821304BB921
:105D9000284600F031F8224601462846BDE8384042
:105DA00000F018B8012B0AD0591C03D11623036048
:105DB0000120E7E7002142F8241020469847002000
:105DC000E0E70000024B01461868FFF7D2BF00BFB2
:105DD0004C02002038B5074D002304460846114602
:105DE0002B60FCF783FE431C02D12B6803B12360B8
:105DF00038BD00BFD48E0620FCF780BED0B5EAF7D0
:105E0000ABFB0C4B002206460F46EAF7FDFBEAF718
:105E10000DFE0446EAF77EFB074B0022EAF7F4FB8F
:105E200002460B4630463946EAF736FAEAF7FEFDF7
:105E30002146D0BD0000F03D0000F0412DE9F047C3
:105E4000089D0F4604468C46002B48D18A421646D0
:105E500061D9B2FA82F34BB1C3F1200201FA03FC1B
:105E600020FA02F29E4042EA0C0C9C404FEA164E89
:105E7000B7B2BCFBFEF1220C0EFB11CC42EA0C4285
:105E800001FB07F0904209D9B21801F1FF3C80F004
:105E9000EE80904240F2EB8002393244121AA4B2F2
:105EA000B2FBFEF00EFB102244EA024400FB07F7AF
:105EB000A74209D9341900F1FF3280F0DA80A742F5
:105EC00040F2D7803444023840EA0140E41B00210C
:105ED0001DB1DC400023C5E90043BDE8F0878B42DB
:105EE00006D90DB1C5E9000100210846BDE8F087DB
:105EF000B3FA83F1002948D1BB4202D3824200F2B7
:105F00000781841A67EB030201209446002DE4D038
:105F1000C5E9004CE1E7002A00F09280B2FA82F372
:105F2000002B40F0A8808A1A4FEA164E1FFA86FC12
:105F30000121200CB2FBFEF70EFB172240EA0242C1
:105F40000CFB07F0904207D9B21807F1FF3802D2D4
:105F5000904200F2E2804746121AA4B2B2FBFEF071
:105F60000EFB102244EA02440CFB00FCA44507D9B6
:105F7000341900F1FF3202D2A44500F2CB80104662
:105F8000A4EB0C0440EA0740A2E7C1F120068B40D5
:105F900022FA06FC4CEA030C07FA01F420FA06F395
:105FA000F7404FEA1C49234300FA01F81FFA8CFE20
:105FB000B7FBF9F01C0C09FB107744EA074400FB1F
:105FC0000EF7A74202FA01F20AD91CEB040400F111
:105FD000FF3A80F09B80A74240F2988002386444E8
:105FE000E41B9FB2B4FBF9F309FB134447EA0444F2
:105FF00003FB0EFEA64509D91CEB040403F1FF3791
:1060000080F08280A6457FD9023B644443EA004089
:10601000A4EB0E04A0FB02E7BC427346B94663D36F
:1060200060D05DB1B8EB030264EB090404FA06F634
:1060300022FA01F31E43CC40C5E9006400214CE77D
:106040006208480842EAC1710B0C43EA00438AB275
:1060500042EA0342B3FBF6F1E407B4463746B646DC
:106060001F23B0FBF6F0D21B41EA004161E7614615
:1060700014E7104628E7C3F1200120FA01F29E4000
:1060800027FA01F19F403A434FEA164E1FFA86FC69
:10609000B1FBFEF70EFB1710110C41EA004107FBA4
:1060A0000CF8884504FA03F43AD9711807F1FF3067
:1060B00001D288451FD8A1EB0801B1FBFEF808FB0F
:1060C0000CF70EFB181192B242EA0142BA422FD2EB
:1060D000B21808F1FF31C6D2BA42C4D2A8F1020107
:1060E0003244C0E7F0459CD2BEEB020367EB0C07DD
:1060F0000138B94695E7A6EB08084144B81EB1FB44
:10610000FEF808FB0CF7DCE73B467FE7504667E705
:106110000846FBE63444023832E7023F32441BE7CC
:10612000A1EB08013846B1FBFEF808FB0CF7C8E705
:10613000414698E708B5FFF715FE0000F8B500BF27
:10614000F8BC08BC9E467047F8B500BFF8BC08BC58
:046150009E467047B0
:10615400B1690108DC68010844670108A467010803
:106164009269010827630108666401084264010812
:1061740046640108296301081C6B0108FC6A0108D4
:10618400DC6A0108BC6A010809640108106401089A
:1061940059620108146401083030303100496E63DB
:1061A4006F6E6E75004D7565740048500041505017
:1061B400454C20454E5452414E5400524F5547458C
:1061C4003A2052616363726F636865720041707054
:1061D400656C20656E20636F7572732E2E2E0053CE
:1061E4006F6E6E657269652E2E2E0046696E206490
:1061F40020617070656C0044757265653A20257382
:1062040000524F5547453A205265746F75720041EC
:106214007070656C207465726D696E650041707094
:10622400656C2072656675736500417070656C20DD
:106234006D616E717565002A00564552543A41707D
:1062440070656C00433A566F697200443A416A6F54
:106254007574657200436F6E7461637473005645A0
:1062640052543A417070656C657200433A4D6F64E4
:10627400696669657200423A5265746F7572002AE4
:10628400204661766F7269004D6F64653A00564529
:1062940052543A456E72656769737472657200424E
:1062A4003A416E6E756C6572004A3A4D6F646500D2
:1062B4004E6F757665617520636F6E7461637400EB
:1062C4004D6F64696669657220636F6E746163748F
:1062D400004E6F6D3A004E756D3A005375707072D2
:1062E400696D6572203F00564552543A204F7569D6
:1062F40000524F5547453A204E6F6E005265636811
:1063040065726368657200416C69636500426F621F
:10631400003030303200436861726C69650030309F
:106324003033006A007700436F6E746163742065D4
:106334006E726567697374726500433A4566666197
:1063440063657200524F5547453A5265746F7572D2
:1063540000303600303630313032303330340030B3
:1063640036303530363037303800436F6D706F73E8
:1063740065720050484F4E45004C4F5241007631F3
:106384002E302E300044757265653A202530326C0B
:10639400753A2530326C75004261747465726965B2
:1063A40020666169626C653A202564252500526582
:1063B4006368617267657A205356500025303264F1
:1063C4003A2530326400564552543A20446563728B
:1063D4006F6368657200524F5547453A20526566AF
:1063E4007573657200456E20636F6D6D756E6963BC
:1063F4006174696F6E003F3F3F0025732025303282
:106404006420257300417070656C7300534D530014
:106414005265676C61676573004A616E0046657614
:10642400004D617200417672004D6169004A7569E0
:106434006E004A75696C00416F7574005365700095
:106444004F6374004E6F76004465630044696D00C9
:106454004C756E004D6572004A65750056656E0098
:1064640053616D0061626300202E2C003F21272DB3
:10647400002E2C213F00403A2F3B0041424300C3F1
:10648400A0C3A2C3A600C3A8C3A9C3AA004748497E
:106494000067686900C3AEC3AFC3AC004A4B4C008D
:1064A4006A6B6C00C4B5C4B7C5820035004D4E4F4D
:1064B400006D6E6F00C3B4C3B6C3B20050515253E3
:1064C400007071727300C59BC5A1C59F003700544D
:1064D40055560074757600C3B9C3BAC3BB00575888
:1064E400595A007778797A00C3BDC3BFC5BC003957
:1064F40000313233002140230042617474657269B3
:1065040065206570756973656500457874696E63A7
:1065140074696F6E00426174746572696520637298
:10652400697469717565004152524554004C6F524B
:106534006150686F6E655F56310030303030005600
:106544004552543A4F757672697200564552543A20
:106554004D6F64696669657200342F363A2D202BBD
:1065640000564552543A4F4B00564552543A5365DF
:106574006C656374696F6E004E6F75766561752026
:1065840050494E00436F64652050494E00436F6E7E
:106594006669726D657A206C65206E6F75766561CB
:1065A4007520636F6465005F5F5F5F00436F6E66B5
:1065B40069726D6174696F6E00457465732D766FD1
:1065C400757320737572203F00564552543A4F75C7
:1065D4006900524F5547453A4E6F6E00566F6C75C1
:1065E4006D6500536F6E6E657269650056696272FF
:1065F400657572004D6F64652073696C656E6369BF
:10660400657578004C756D696E6F736974650045C6
:106614007874696E6374696F6E20656372616E006D
:106624004672657175656E63650050756973736153
:106634006E636520545800436869666672656D65CB
:106644006E74004D6F64652065636F6E6F6D696570
:10665400005665696C6C6520286D696E2900566565
:106664007273696F6E005265736574207573696E19
:106674006500436C61737369717565004D656C6F7A
:106684006469652031004D656C6F64696520320072
:1066940056696272657572207365756C0042697023
:1066A40020636F75727400426970206C6F6E6700AE
:1066B400536F6E6E65726965203100536F6E6E653F
:1066C40072696520320053696C656E63696575781B
:1066D40000506572736F6E6E616C69736500383655
:1066E40038204D487A20284575726F706529003925
:1066F4003135204D487A2028416D65726971756580
:10670400732900343333204D487A20284173696556
:106714002F416672697175652900536F6E20657427
:1067240020766962726174696F6E7300416666698E
:10673400636861676500526573656175204C6F52CB
:106744006100536563757269746500456E657267AF
:1067540069650053797374656D650025303458009C
:106764004E6F7576656175206D657373616765201D
:10677400646520257300534D532072656375004C86
:106784006F6E67206D65737361676520646520258E
:1067940073002A20257300202025730025642F25EB
:1067A4006400456E766F692E2E2E00456E766F69F5
:1067B400206475206D6573736167652E2E2E004D00
:1067C4006573736167657300417563756E206D65EC
:1067D4007373616765004170707579657A207375AC
:1067E40072204400706F757220656372697265006F
:1067F400443A4E6F757665617500433A537570700F
:1068040072004E6F7576656175206D65737361678F
:106814006500413A00524F5547453A416E6E756CDA
:10682400657200564552543A456E766F796572002A
:1068340045727265757200456368656320642065FE
:106844006E766F6900526565737361796572203F76
:1068540000564552543A5265706F6E647265004535
:106864006E766F79652021004D65737361676520CD
:10687400656E766F79652021000A0A2D2D2D20542E
:10688400656C6570686F6E65204C6F5261202D20B9
:1068940044656D617272616765202D2D2D00496E0E
:1068A400697420446973706C61792E2E2E00496ED0
:1068B4006974204B6579626F6172642E2E2E0049D3
:1068C4006E697420417564696F2E2E2E00496E69BD
:1068D40074204C6F52612E2E2E00496E6974205024
:1068E4006F776572204D616E616765722E2E2E0082
:1068F400496E69742043616C6C204D616E616765FB
:10690400722E2E2E00496E697420534D53204D6112
:106914006E616765722E2E2E00496E697420526F67
:106924007574696E672E2E2E002D2D2D2054656CE6
:106934006570686F6E65204C6F526120707265746B
:106944002021202D2D2D00556E6B6E6F776E005318
:1069540057414E5F52352043444320696E204853CB
:10696400204D6F6465005357414E5F5235204344B8
:106974004320696E204653204D6F64650053574190
:106984004E5F52352043444320436F6E666967006F
:106994005357414E5F52352043444320496E74653A
:1069A4007266616365000D0A00232D302B20006898
:1069B4006C4C0065666745464700303132333435E8
:1069C4003637383941424344454600303132333456
:1069D40035363738396162636465660013620108CD
:1069E400216201082E6201083C42919191423C00CF
:1069F40010187E7E181000000024182400000000E7
:106A040000183C3C3C18000000002418240000003E
:106A14000010183C3C181000183C3C7E7E3C1800CA
:106A2400183C3C1818001800007E425A42241800F2
:106A3400000818387E3C18107E4242424242427E90
:106A44007E425A424242427E7E425A5A4242427EEA
:106A54007E425A5A5A42427E7E425A5A5A5A427E7A
:106A6400181818181818187E000018181818187E06
:106A7400000000001818187E000000000000187EB6
:106A8400000000000000007E1D640108216401086C
:106A940025640108296401082D6401083164010892
:106AA400366401083B640108406401084464010839
:106AB400486401084C6401080000066006600FF099
:106AC400199818180FF006600FF0181819980FF09D
:106AD4000660066000000000000003C004200420DB
:106AE400042003C000000FF010081008100810085C
:106AF4001FF800000000000000000FF01008200440
:106B0400200410081008100810081008100818189D
:106B14000FF0000000000000000000001FF8100843
:106B24001008118813C81188100810081FF80000F5
:106B34000000000000000000686401087F64010890
:106B4400F5640108F96401083132334134353642C1
:106B5400373839432A30234445464748494A4B4C41
:106B64001314150A1C1D1E1F08098081838586873E
:106B74001E670108306701083A6701084667010883
:106B84004F67010857670108146C01080C6C010871
:106B9400046C0108FC6B010800081C3E7F3E1C08C5
:106BA400003C42427E7E7E00183C3C7E7E3C1800C7
:106BB4000010183C3C181000183C3C181800180031
:106BC400007E425A4224180000081C3E7F3E1C08E6
:106BD4007E4242424242427E7E425A424242427E89
:106BE4007E425A5A4242427E7E425A5A5A42427E19
:106BF4007E425A5A5A5A427E181818181818187E83
:106C0400000018181818187E000000001818187EC4
:106C1400000000000000187E000000000000007E5C
:106C240000000000000000009F750008E1750008E6
:106C34003B7300088D7600083F7300084773000813
:106C440061730008BB490108DD490108A086010001
:106C540080380100C0D4010000007A0DFA005C12F3
:106C6400A00F800214000000801A060000E2040055
:106C74000053070000008403640014055802FA005E
:106C84006400000040420F0000350C00804F1200E9
:106C94000000C2013200F40104013C006400000061
:106CA40000000000000000001D87000815490108CD
:106CB4003B73000875800008000000004181000853
:106CC4004381000875810008518100086381000830
:106CD40077800008418100086F830008E78200087C
:106CE4008D810008CB810008058200084B820008D2
:106CF400E98200086782000800000000003E5B4F44
:106D04005B3E3E6B4F6B3E1C3E7C3E1C183C7E3C07
:106D1400181C577D571C1C5E7F5E1C00183C180015
:106D2400FFE7C3E7FF0018241800FFE7DBE7FF30A5
:106D3400483A060E2629792926407F050507407F13
:106D440005253F5A3CE73C5A7F3E1C1C08081C1C86
:106D54003E7F14227F22145F5F005F5F06097F017C
:106D64007F006689956A606060606094A2FFA29467
:106D740008047E040810207E201008082A1C080835
:106D84001C2A08081E101010100C1E0C1E0C303883
:106D94003E3830060E3E0E06000000000000005F84
:106DA40000000007000700147F147F14242A7F2AA0
:106DB4001223130864623649562050000807030062
:106DC400001C2241000041221C002A1C7F1C2A08AE
:106DD400083E080800807030000808080808000011
:106DE40060600020100804023E5149453E00427F85
:106DF400400072494949462141494D331814127FD4
:106E04001027454545393C4A494931412111090773
:106E14003649494936464949291E000014000000F4
:106E240040340000000814224114141414140041C6
:106E340022140802015909063E415D594E7C121183
:106E4400127C7F494949363E414141227F414141BB
:106E54003E7F494949417F090909013E4141517336
:106E64007F0808087F00417F41002040413F017FA7
:106E7400081422417F404040407F021C027F7F046F
:106E840008107F3E4141413E7F090909063E4151B8
:106E9400215E7F09192946264949493203017F01A8
:106EA400033F4040403F1F2040201F3F4038403FA9
:106EB400631408146303047804036159494D4300BF
:106EC4007F4141410204081020004141417F0402F6
:106ED400010204404040404000030708002054548D
:106EE40078407F284444383844444428384444286B
:106EF4007F385454541800087E090218A4A49C78BE
:106F04007F0804047800447D40002040403D007F19
:106F14001028440000417F40007C047804787C08F9
:106F24000404783844444438FC18242418182424CD
:106F340018FC7C08040408485454542404043F44B2
:106F4400243C4040207C1C2040201C3C4030403CE1
:106F540044281028444C9090907C4464544C440041
:106F640008364100000077000000413608000201A5
:106F74000204023C2623263C1EA1A161123A404091
:106F8400207A38545455592155557941225454780E
:106F940042215554784020545579400C1E527212A7
:106FA4003955555559395454545939555454580030
:106FB40000457C410002457D420001457C407D1234
:106FC40011127DF0282528F07C5455450020545496
:106FD4007C547C0A097F4932494949323A44444441
:106FE4003A324A4848303A4141217A3A424020787C
:106FF400009DA0A07D3D4242423D3D4040403D3C7D
:1070040024FF2424487E4943662B2FFC2F2BFF09A1
:1070140029F620C0887E0903205454794100004495
:107024007D413048484A32384040227A007A0A0A80
:10703400727D0D19317D2629292F282629292926F3
:1070440030484D4020380808080808080808382F38
:1070540010C8ACBA2F102834FA00007B00000814C2
:107064002A142222142A14085500550055AA55AA98
:1070740055AAFF55FF55FF000000FF00101010FF38
:1070840000141414FF001010FF00FF1010F010F093
:10709400141414FC001414F700FF0000FF00FF1484
:1070A40014F404FC141417101F10101F101F1414D0
:1070B400141F00101010F0000000001F101010101A
:1070C4001F10101010F010000000FF10101010100E
:1070D40010101010FF10000000FF140000FF00FF4C
:1070E40000001F10170000FC04F4141417101714E8
:1070F40014F404F40000FF00F7141414141414140A
:10710400F700F7141414171410101F101F1414147C
:10711400F4141010F010F000001F101F0000001FE6
:1071240014000000FC140000F010F01010FF10FF19
:10713400141414FF141010101F00000000F010FFAE
:10714400FFFFFFFFF0F0F0F0F0FFFFFF0000000092
:1071540000FFFF0F0F0F0F0F3844443844FC4A4A16
:107164004A347E02020606027E027E0263554941CB
:10717400633844443C04407E201E2006027E020202
:1071840099A5E7A5991C2A492A1C4C7201724C3016
:107194004A4D4D303048784830BC625A463D3E49ED
:1071A4004949007E0101017E2A2A2A2A2A44445F91
:1071B400444440514A444040444A51400000FF0185
:1071C40003E080FF000008086B6B08361236243693
:1071D400060F090F060000181800000010100030F8
:1071E40040FF0101001F01011E00191D1712003C80
:1071F4003C3C3C00000000000000000000000000D7
:107204001D870008154901083B73000875800008B4
:10721400598A0008418100084381000875810008EB
:1072240051810008638100087780000841810008CB
:107234006F830008058C00086F94000821940008EF
:10724400058200084B820008E98200086782000872
:107254002200FF21000103070F1F3F7F0080C0E0D1
:10726400F0F8FCFEDB40A4A62EAF2000A1C8D3009A
:10727400408DAED580A80000600000000000000032
:1072840000000000000000E000000000000000001A
:10729400000000000001E000000000000000000009
:1072A4000000000001F000000000000000000000E9
:1072B40000000003F00000000000000000000000D7
:1072C400000007F0000000000000000000000000C3
:1072D4000007F800000000000000000000000000AB
:1072E4000FF800000003C0007E000001E0007F0FE3
:1072F400F800000003C000FE000001E000FFEFF80A
:1073040000000003C000FE000001E000FFFFF800E1
:10731400000003C000F00000000F007FFE7FC000EB
:107324000003C000F00000000F003FFE7FF83FF1B3
:10733400FBCFFCFEF3BC3DEFE01FFE7FFF7FFBFFB6
:10734400DFFEFEFFBC3DEFE01FC6FFFF7FFBFFDF5C
:10735400FEFEFFBC3DEFE00FE3C7FE787BC3DE1EFD
:10736400F0FFBC3DEF0007FF87FC787BC3DE1EF017
:10737400F83C3DEF0001FFFFF0007BC3C01EF0F0BE
:107384003C3DEF0001F37FE03FFBC3CFFEF0F03C58
:107394003DEF0003E33F807FFBC3DFFEF0F03C3DA5
:1073A400EF0007E73C00787BC3DE1EF0F03C3DEFC6
:1073B4000007FFBE00787BC3DE1EF0F03C3DEF000B
:1073C40007FFFE00787BC3DE1EF0F03C3DEF000FAC
:1073D400FFFE007FFBFFDFFEF0F03FFDEFE00FFF5D
:1073E400FF007FFBFFDFFEF0F03FFDEFE00FF9FF52
:1073F400003E79F9CF9EF0F01F3DE7E01FF1FF005A
:1074040000000000000000000000001F80FF007F5B
:10741400FFFFFFFFFFFFFFFFFFE01C007F007FFF78
:10742400FFFFFEB46D888D18E000001F007FFFFF92
:10743400FFFE95AD7DB577E000000F007FFFFFFFF5
:10744400FEA5AD9D8D19E0000006007FFFFFFFFE45
:10745400B5ADEDB57EE00000000000018000000045
:107464000000000000000380000000000000000095
:107474000007C000000000000000000007C000007A
:10748400000000000000000FC00000000000000029
:1074940000001FE00000000000000000001FE000EA
:1074A40000000000000000003FE0000000000000B9
:1074B4000000003FF00000000000000000007FF02A
:1074C400000000000000001FF87FF0000000000032
:1074D40000003FFE7FF0000000000000003FFF7F3F
:1074E400F0000000000000001FFFFBE000000000AF
:1074F4000000000FFFF9FFC00000000000000FFFB4
:10750400F9FFF800000000000007FFF1FFFF000092
:107514000000000003FC73FFFF8000000000000176
:10752400FE3FFFFF80000000000000FF1E0FFF0071
:107534000000000000007FFE1FFC000000000000AF
:10754400003FFFFFF8000000000000000FDFFFE035
:10755400000000000000001F19FFC0000000000030
:1075640000003F3CFF00000000000000007E7CF8AB
:1075740000000000000000007FFE7C00000000000E
:10758400000000FFFFFC0000000000000000FFFFFF
:10759400FE0000000000000000FFFFFE00000000ED
:1075A40000000001FFEFFE0000000000000001FFEA
:1075B400CFFE0000000000000003FF07FE000000F3
:1075C4000000000003FC07FE0000000000000003B0
:1075D400F003FE00000000000000018000FE000037
:1075E40000000000000000007E0000000000000019
:1075F4000000003E000000000000000000000C003D
:107604000000000000078000FC000003C000000030
:10761400078001FC000003C0000000078001FC009B
:107624000003C0000000078001E00000001E00000D
:1076340000078001E00000001E007FE3F79FF9FDD2
:10764400E7787BDFC0FFF7FFBFFDFDFF787BDFC07E
:10765400FFF7FFBFFDFDFF787BDFC0F0F787BC3D80
:10766400E1FF787BDE00F0F787BC3DE1F0787BDE5C
:107674000000F787803DE1E0787BDE007FF7879F9D
:10768400FDE1E0787BDE00FFF787BFFDE1E0787B7A
:10769400DE00F0F787BC3DE1E0787BDE00F0F787A1
:1076A400BC3DE1E0787BDE00F0F787BC3DE1E078AB
:1076B4007BDE00FFF7FFBFFDE1E07FFBDFC0FFF7EC
:1076C400FFBFFDE1E07FFBDFC07CF3F39F3DE1E022
:1076D4003E7BCFC00000000000000000000000FF5F
:1076E400FFFFFFFFFFFFFFFFFFC0FFFFFFFFFD687E
:1076F400DB111A31C0FFFFFFFFFD2B5AFB6AEFC0FD
:10770400FFFFFFFFFD4B5B3B1A33C0FFFFFFFFFD95
:107714006B5BDB6AFDC0000000000000000000009D
:10772400379600082F960008299600080C001200CE
:1077340018000001010002000400060008000A000D
:107744000C0010002000400080000001020104032E
:10775400020408100400400000040000000052C7A6
:1077640001000080000084CB01000000020030040E
:10777400040060080800900C1000C0102000F014F1
:10778400400020198000501D000180210002B02516
:107794000004002A0008302E0010603200209036C9
:1077A4000040C03A0080F03E0000214300005247F0
:1077B4000000844B010000000200000004000000EF
:1077C400080000001000000020000000400000003D
:1077D400800000000001000000020000000400001E
:1077E400000800000010000000200000004000001D
:1077F40000800000A0860100400D0300801A0600EE
:1078040000350C0040420F0080841E0000093D003A
:1078140000127A000024F40000366E010048E801EA
:10782400006CDC0200000000010203040000000000
:107834000000000001020304060708090100020019
:107844000400060008000A000C001000200040009C
:10785400800000010000000000000000012B01086E
:10786400252B0108192B01083D2C0108652B010863
:10787400712B0108312C0108892B0108D12B010837
:1078840000000000400000008000000040000000F4
:1078940001000000400000008200000040000000E1
:1078A40083000000080000000B00000000000050EE
:1078B400120A00000C00000000000050120A000030
:1078C400FFFFFFFF000000000000000004000000B4
:1078D400003001401205000010000000003001409B
:1078E40012050000190000000038004012050000D5
:1078F4003000000000380040120500004C00000079
:107904000030014012050000FFFFFFFF00000000EF
:1079140000000000010000000030014012050000DA
:1079240005000000003001401205000009000000BD
:1079340000380040120300001A0000000038004024
:10794400120500001D000000003800401205000070
:107954003100000000380040120500003300000030
:1079640000380040120300004D00000000300140C8
:1079740012050000FFFFFFFF0000000000000000F0
:107984000600000000300140120500001400000051
:1079940000300140120500001E00000000380040C5
:1079A400120500002200000000380040120500000B
:1079B4003300000000380040120500004E000000B3
:1079C4000030014012050000FFFFFFFF000000002F
:1079D4000000000007000000003001401205000014
:1079E4001F000000003800401205000021000000C4
:1079F400003800401203000023000000003800405B
:107A04001205000034000000003800401205000098
:107A14004F0000000030014012050000FFFFFFFF8F
:107A2400000000000000000006000000008000408C
:107A34001208000006010000004800401207000080
:107A44001400000000380140120700001D0000006F
:107A540000800040120800001D01000000480040A2
:107A64001207000033000000004400401207000029
:107A7400FFFFFFFF00000000000000000100000005
:107A84000044004012070000110000000080004084
:107A94001208000011010000004800401207000015
:107AA4001E000000004800401207000032000000E1
:107AB4000048004012070000340000000044004069
:107AC400120700006C00000000380140120700009B
:107AD400FFFFFFFF000000000000000003000000A3
:107AE4000080004012080000030100000044004030
:107AF400120700000A0000000038014012070000CD
:107B04001700000000380140120700001A000000AE
:107B140000800040120800001B00000000480040E4
:107B2400120700002000000000800040120800003E
:107B34002500000000480040120700002B0100004F
:107B440000480040120700003600000000440040D6
:107B5400120700003900000000480040120700002E
:107B6400680000000080004012080000FFFFFFFFD3
:107B7400000000000000000002000000008000403F
:107B84001208000002010000004400401207000037
:107B94000900000000380140120700001600000030
:107BA40000380140120700001A000000004800409D
:107BB400120700001B0000000080004012080000B3
:107BC4002100000000800040120800002400000092
:107BD4000048004012070000350000000044004047
:107BE400120700003800000000480040120700009F
:107BF400670000000080004012080000FFFFFFFF44
:107C0400000000000000000001000000000000402F
:107C14001201010002000000000000401281010076
:107C240003000000000000401201020005000000F3
:107C34000000004012810000060000000004004023
:107C4400128200000700000000040040120201003C
:107C54001001000000040040128201001100000025
:107C6400002C0140128111001600000000080040A1
:107C740012820000170000000008004012020100F8
:107C84001901000000480140128E00001E0100008E
:107C940000340140120311001E02000000400140A4
:107CA400128E00001F0100000034014012831100F5
:107CB4001F02000000400140120E010029000000D4
:107CC40000040040120202002901000000340140B7
:107CD400120302003F0000000008004012020200EC
:107CE40049000000002C0140128100004B000000FC
:107CF400002C0140120101004E000000002C014044
:107D040012010200FFFFFFFF00000000000000005E
:107D140007000000005C00401A0400001600000088
:107D2400005400401A0400001601000000840040C2
:107D34001A0500001A000000005800401A04000050
:107D44001A010000008400401A0300001D00000016
:107D5400005800401A04000020000000005C0040AD
:107D64001A04000051000000005800401A040000EA
:107D740067000000005C00401A040000FFFFFFFFE2
:107D8400000000000000000014000000005C00403F
:107D94001A04000017000000005400401A040000F8
:107DA40017010000008400401A05000019000000BB
:107DB400005400401A0400001B000000005800405A
:107DC4001A0400001B010000008400401A03000094
:107DD4001E000000005800401A04000021000000AA
:107DE400005C00401A04000029000000005C004010
:107DF4001A06000050000000005800401A04000059
:107E04005F000000008400401A04000068000000C5
:107E1400005C00401A040000FFFFFFFF00000000A8
:107E24000000000004000000007400400380000013
:107E3400050000000074004003000100FFFFFFFF85
:107E440000000000000000000000000000000450DA
:107E5400038002000100000000000450030003003E
:107E6400020000000000045003800300030000002F
:107E7400000004500300040004000000000004504B
:107E84000380040005000000000004500300050006
:107E940006000000000004500380050007000000F5
:107EA400000004500300060010000000000004500D
:107EB40003800700110000000000045003000800C4
:107EC4002000000000000450038000002100000096
:107ED40000000450030001002200000000000450D0
:107EE400038001002300000000000450030002008E
:107EF4002400000000000450038006002500000058
:107F04000000045003000700FFFFFFFF0000000013
:107F1400000000001000000011000000120000002A
:107F240013000000140000001500000016000000FB
:107F340017000000180000000A0000000B000000F9
:107F44000C0000000D0000001E0000002C000000CA
:107F54003500000039000000380000005F00000018
:107F64004D000000430000004B00000049000000E9
:107F74005D0000005C0000003F0000000400000001
:107F840007000000060000000500000019000000C2
:107F94004100000003000000010000002300000075
:107FA4002100000024000000250000001100000052
:107FB40022000000000000000A0000000900000088
:107FC4006C000000140000003600000002000000F5
:107FD40034000000330000001A0000001B00000001
:107FE400320000001D00000068000000670000006F
:107FF40017000000160000005000000051000000AF
:108004002900000020000000300000001F000000D4
:108014001E00000031000000350000004A0000008E
:108024002B0000004C000000100000004E00000077
:108034004F000000420000002D000000440000003A
:108044000B0000000C0000002600000046000000A9
:108054006000000061000000620000006300000096
:108064001200000073000000130000000F00000065
:108074000E0000000D0000002E0000002F00000084
:1080840000000010000000000010000006000700BF
:10809400080000000000000000000000DB440108AC
:1080A40091450108BF440108DD46010895440108D3
:1080B400D1480108A5440108BB490108DD4901086C
:1080C40000202020202020202020282828282820A4
:1080D400202020202020202020202020202020209C
:1080E4002088101010101010101010101010101004
:1080F40010040404040404040404041010101010F4
:1081040010104141414141410101010101010101BD
:10811400010101010101010101010101101010100F
:10812400101042424242424202020202020202028F
:1081340002020202020202020202020210101010E3
:10814400200000000000000000000000000000000B
:10815400000000000000000000000000000000001B
:10816400000000000000000000000000000000000B
:1081740000000000000000000000000000000000FB
:1081840000000000000000000000000000000000EB
:1081940000000000000000000000000000000000DB
:1081A40000000000000000000000000000000000CB
:1081B40000000000000000000000000000000000BB
:0481C40000000000B7
:0881C800F87FFE7F01000000BA
:1081D000714C0108C50A0008E13B0008C56C0008A5
:1081E0001970000815780008951A0108512C01082B
:0481F0000149010838
:1081F400A10A0008B56D0008257800086D1B010868
:1082040076660108806601088A660108946601089A
:10821400A1660108AB660108B4660108BF660108DF
:10822400CA660108D5660108E2660108F36601081A
:1082340007670108010C01001000000000000000A5
:108244000000000000000000000000000100000029
:1082540000000000000000000000000000000048D2
:108264000004004800080048000C004800100048C2
:108274000014004800180048001C00480020004872
:10828400FFFFFFFF0030024000000000000000007C
:1082940000000000000000000000000000000000DA
:1082A400000000000100000000093D00E08E0620EF
:1082B40009074300020104C032090400000102025C
:1082C4000000052400100105240100010424020219
:1082D40005240600010705830308001009040100B2
:1082E400020A00000007050102400000070582029F
:1082F4004000000009024300020100C032090400EA
:1083040000010202000005240010010524010001FF
:108314000424020205240600010705830308001053
:1083240009040100020A00000007050102400000E0
:10833400070582024000000009024300020100C058
:1083440032090400000102020000052400100105A6
:108354002401000104240202052406000107058308
:108364000308001009040100020A000000070501C7
:1083740002000200070582020002000069330108BE
:108384001933010829320108000000007130010886
:10839400C53101088D310108000000000000000013
:1083A4000000000045310108FD300108B530010826
:1083B400A93001080A060002000000400100000084
:1083C40000C201000000080079350108F1340108F9
:1083D400F5340108D53601087D36010801011A0378
:1083E4000000000000000000000000000000000089
:1083F4000000000000000000040309041201000250
:1084040002020040A4300200000201020301000045
:10841400F5410108014201087D4201089542010825
:1084240041420108B9420108D14201080D42010844
:10843400FFFFFFFF00000000E80300000800000049
:10844400080000000A0000000A000000500200209A
:10845400000000009C8D0620048E06206C8E0620F1
:108464000000000000000000000000000000000008
:1084740000000000000000000000000000000000F8
:1084840000000000000000000000000000000000E8
:0C849400000000000000000000000000DC
:0400000508014DA100
:00000001FF
